assessmentId,internalTaxonId,scientificName,kingdomName,phylumName,orderName,className,familyName,genusName,speciesName,infraType,infraName,infraAuthority,authority,redlistCategory,redlistCriteria,criteriaVersion,populationTrend,scopes
931625,162627,Sepia apama,ANIMALIA,MOLLUSCA,SEPIIDA,CEPHALOPODA,SEPIIDAE,Sepia,apama,,,,"Gray, 1849",Near Threatened,,3.1,Decreasing,Global
953097,162917,Opisthoteuthis mero,ANIMALIA,MOLLUSCA,OCTOPODA,CEPHALOPODA,OPISTHOTEUTHIDAE,Opisthoteuthis,mero,,,,"O’Shea, 1999",Endangered,A2b,3.1,Decreasing,Global
999635,163337,Cirroctopus hochbergi,ANIMALIA,MOLLUSCA,OCTOPODA,CEPHALOPODA,CIRROCTOPODIDAE,Cirroctopus,hochbergi,,,,"O’Shea, 1999",Endangered,A2bc; C1,3.1,Decreasing,Global
2681354,200715,Holothuria fuscogilva,ANIMALIA,ECHINODERMATA,ASPIDOCHIROTIDA,HOLOTHUROIDEA,HOLOTHURIIDAE,Holothuria,fuscogilva,,,,"Cherbonnier, 1980",Vulnerable,A2bd,3.1,Decreasing,Global
3468128,132866,Montipora angulata,ANIMALIA,CNIDARIA,SCLERACTINIA,ANTHOZOA,ACROPORIDAE,Montipora,angulata,,,,"(Lamarck, 1816)",Vulnerable,A4ce,3.1,Decreasing,Global
3483734,132899,Favia rosaria,ANIMALIA,CNIDARIA,SCLERACTINIA,ANTHOZOA,FAVIIDAE,Favia,rosaria,,,,"Veron, 2002",Vulnerable,A4c,3.1,Decreasing,Global
3488908,132910,Acropora divaricata,ANIMALIA,CNIDARIA,SCLERACTINIA,ANTHOZOA,ACROPORIDAE,Acropora,divaricata,,,,"(Dana, 1846)",Near Threatened,,3.1,Decreasing,Global
3498522,132931,Acropora willisae,ANIMALIA,CNIDARIA,SCLERACTINIA,ANTHOZOA,ACROPORIDAE,Acropora,willisae,,,,"Veron &amp; Wallace, 1984",Vulnerable,A4ce,3.1,Decreasing,Global
3503904,132944,Montipora nodosa,ANIMALIA,CNIDARIA,SCLERACTINIA,ANTHOZOA,ACROPORIDAE,Montipora,nodosa,,,,"(Dana, 1846)",Near Threatened,,3.1,Decreasing,Global
3520070,132979,Favites complanata,ANIMALIA,CNIDARIA,SCLERACTINIA,ANTHOZOA,FAVIIDAE,Favites,complanata,,,,"(Ehrenberg, 1834)",Near Threatened,,3.1,Decreasing,Global
3524260,132987,Echinopora gemmacea,ANIMALIA,CNIDARIA,SCLERACTINIA,ANTHOZOA,FAVIIDAE,Echinopora,gemmacea,,,,"Lamarck, 1816",Least Concern,,3.1,Decreasing,Global
3524962,132988,Acropora longicyathus,ANIMALIA,CNIDARIA,SCLERACTINIA,ANTHOZOA,ACROPORIDAE,Acropora,longicyathus,,,,"(Milne Edwards &amp; Haime, 1860)",Least Concern,,3.1,Decreasing,Global
3530977,133060,Goniastrea favulus,ANIMALIA,CNIDARIA,SCLERACTINIA,ANTHOZOA,FAVIIDAE,Goniastrea,favulus,,,,"(Dana, 1846)",Near Threatened,,3.1,Decreasing,Global
3534237,133003,Leptastrea bewickensis,ANIMALIA,CNIDARIA,SCLERACTINIA,ANTHOZOA,FAVIIDAE,Leptastrea,bewickensis,,,,"Veron &amp; Pichon, 1977",Near Threatened,,3.1,Decreasing,Global
3545567,133015,Montipora millepora,ANIMALIA,CNIDARIA,SCLERACTINIA,ANTHOZOA,ACROPORIDAE,Montipora,millepora,,,,"Crossland, 1952",Least Concern,,3.1,Decreasing,Global
3564383,133033,Acropora pulchra,ANIMALIA,CNIDARIA,SCLERACTINIA,ANTHOZOA,ACROPORIDAE,Acropora,pulchra,,,,"(Brook, 1891)",Least Concern,,3.1,Decreasing,Global
3571197,133040,Echinopora mammiformis,ANIMALIA,CNIDARIA,SCLERACTINIA,ANTHOZOA,FAVIIDAE,Echinopora,mammiformis,,,,"(Nemenzo, 1959)",Near Threatened,,3.1,Decreasing,Global
3571758,133112,Acropora caroliniana,ANIMALIA,CNIDARIA,SCLERACTINIA,ANTHOZOA,ACROPORIDAE,Acropora,caroliniana,,,,"Nemenzo, 1976",Vulnerable,A4ce,3.1,Decreasing,Global
3574580,133115,Acropora retusa,ANIMALIA,CNIDARIA,SCLERACTINIA,ANTHOZOA,ACROPORIDAE,Acropora,retusa,,,,"(Dana, 1846)",Vulnerable,A4ce,3.1,Decreasing,Global
3578932,133120,Acropora latistella,ANIMALIA,CNIDARIA,SCLERACTINIA,ANTHOZOA,ACROPORIDAE,Acropora,latistella,,,,"(Brook, 1891)",Least Concern,,3.1,Decreasing,Global
3587170,133129,Astreopora ocellata,ANIMALIA,CNIDARIA,SCLERACTINIA,ANTHOZOA,ACROPORIDAE,Astreopora,ocellata,,,,"Bernard, 1896",Least Concern,,3.1,Decreasing,Global
3592271,133068,Platygyra sinensis,ANIMALIA,CNIDARIA,SCLERACTINIA,ANTHOZOA,FAVIIDAE,Platygyra,sinensis,,,,"(Milne Edwards &amp; Haime, 1849)",Least Concern,,3.1,Decreasing,Global
3593444,133069,Astreopora cucullata,ANIMALIA,CNIDARIA,SCLERACTINIA,ANTHOZOA,ACROPORIDAE,Astreopora,cucullata,,,,"Lamberts, 1980",Vulnerable,A4ce,3.1,Decreasing,Global
3607835,133160,Acropora austera,ANIMALIA,CNIDARIA,SCLERACTINIA,ANTHOZOA,ACROPORIDAE,Acropora,austera,,,,"(Dana, 1846)",Near Threatened,,3.1,Decreasing,Global
3614541,133174,Astreopora moretonensis,ANIMALIA,CNIDARIA,SCLERACTINIA,ANTHOZOA,ACROPORIDAE,Astreopora,moretonensis,,,,"Veron &amp; Wallace, 1984",Vulnerable,A4ce,3.1,Decreasing,Global
3616568,133178,Montastrea annuligera,ANIMALIA,CNIDARIA,SCLERACTINIA,ANTHOZOA,FAVIIDAE,Montastrea,annuligera,,,,"(Milne Edwards &amp; Haime, 1849)",Near Threatened,,3.1,Decreasing,Global
3618783,133182,Isopora brueggemanni,ANIMALIA,CNIDARIA,SCLERACTINIA,ANTHOZOA,ACROPORIDAE,Isopora,brueggemanni,,,,"(Brook, 1893)",Vulnerable,A4ce,3.1,Decreasing,Global
3621724,133188,Echinopora hirsutissima,ANIMALIA,CNIDARIA,SCLERACTINIA,ANTHOZOA,FAVIIDAE,Echinopora,hirsutissima,,,,"Milne Edwards &amp; Haime, 1849",Least Concern,,3.1,Decreasing,Global
3624060,133193,Heliopora coerulea,ANIMALIA,CNIDARIA,HELIOPORACEA,ANTHOZOA,HELIOPORIDAE,Heliopora,coerulea,,,,Pallas 1766,Vulnerable,A4cde,3.1,Decreasing,Global
3625707,133196,Montipora incrassata,ANIMALIA,CNIDARIA,SCLERACTINIA,ANTHOZOA,ACROPORIDAE,Montipora,incrassata,,,,"(Dana, 1846)",Near Threatened,,3.1,Decreasing,Global
3631022,133207,Acropora clathrata,ANIMALIA,CNIDARIA,SCLERACTINIA,ANTHOZOA,ACROPORIDAE,Acropora,clathrata,,,,"(Brook, 1891)",Least Concern,,3.1,Decreasing,Global
3633217,133210,Favia speciosa,ANIMALIA,CNIDARIA,SCLERACTINIA,ANTHOZOA,FAVIIDAE,Favia,speciosa,,,,"Dana, 1846",Least Concern,,3.1,Decreasing,Global
3639848,133223,Acropora donei,ANIMALIA,CNIDARIA,SCLERACTINIA,ANTHOZOA,ACROPORIDAE,Acropora,donei,,,,"Veron &amp; Wallace, 1984",Vulnerable,A4ce,3.1,Decreasing,Global
3646741,133238,Montipora hispida,ANIMALIA,CNIDARIA,SCLERACTINIA,ANTHOZOA,ACROPORIDAE,Montipora,hispida,,,,"(Dana, 1846)",Least Concern,,3.1,Decreasing,Global
3651115,133245,Montipora spongodes,ANIMALIA,CNIDARIA,SCLERACTINIA,ANTHOZOA,ACROPORIDAE,Montipora,spongodes,,,,"Bernard, 1897",Least Concern,,3.1,Decreasing,Global
3655366,133252,Acropora tortuosa,ANIMALIA,CNIDARIA,SCLERACTINIA,ANTHOZOA,ACROPORIDAE,Acropora,tortuosa,,,,"(Dana, 1846)",Least Concern,,3.1,Decreasing,Global
3659374,133260,Trachyphyllia geoffroyi,ANIMALIA,CNIDARIA,SCLERACTINIA,ANTHOZOA,TRACHYPHYLLIIDAE,Trachyphyllia,geoffroyi,,,,Audouin 1826,Near Threatened,,3.1,Decreasing,Global
3661951,133266,Acropora nobilis,ANIMALIA,CNIDARIA,SCLERACTINIA,ANTHOZOA,ACROPORIDAE,Acropora,nobilis,,,,"(Dana, 1846)",Least Concern,,3.1,Decreasing,Global
3664344,133271,Acropora sarmentosa,ANIMALIA,CNIDARIA,SCLERACTINIA,ANTHOZOA,ACROPORIDAE,Acropora,sarmentosa,,,,"(Brook, 1892)",Least Concern,,3.1,Decreasing,Global
3667540,133278,Leptastrea pruinosa,ANIMALIA,CNIDARIA,SCLERACTINIA,ANTHOZOA,FAVIIDAE,Leptastrea,pruinosa,,,,"Crossland, 1952",Least Concern,,3.1,Decreasing,Global
3676822,133298,Montipora turgescens,ANIMALIA,CNIDARIA,SCLERACTINIA,ANTHOZOA,ACROPORIDAE,Montipora,turgescens,,,,"Bernard, 1897",Least Concern,,3.1,Decreasing,Global
3681329,133307,Favia rotundata,ANIMALIA,CNIDARIA,SCLERACTINIA,ANTHOZOA,FAVIIDAE,Favia,rotundata,,,,"Veron Pichon &amp; Wijsman-Best, 1972",Near Threatened,,3.1,Decreasing,Global
3682860,133310,Leptoria irregularis,ANIMALIA,CNIDARIA,SCLERACTINIA,ANTHOZOA,FAVIIDAE,Leptoria,irregularis,,,,"Veron, 1990",Vulnerable,A4c,3.1,Decreasing,Global
3684008,133313,Acropora cytherea,ANIMALIA,CNIDARIA,SCLERACTINIA,ANTHOZOA,ACROPORIDAE,Acropora,cytherea,,,,"(Dana, 1846)",Least Concern,,3.1,Decreasing,Global
3687166,133319,Acropora horrida,ANIMALIA,CNIDARIA,SCLERACTINIA,ANTHOZOA,ACROPORIDAE,Acropora,horrida,,,,"(Dana, 1846)",Vulnerable,A4cde,3.1,Decreasing,Global
3688042,133320,Acropora solitaryensis,ANIMALIA,CNIDARIA,SCLERACTINIA,ANTHOZOA,ACROPORIDAE,Acropora,solitaryensis,,,,"Veron &amp; Wallace, 1984",Vulnerable,A4ce,3.1,Decreasing,Global
3689003,133322,Acropora dendrum,ANIMALIA,CNIDARIA,SCLERACTINIA,ANTHOZOA,ACROPORIDAE,Acropora,dendrum,,,,"(Bassett-Smith, 1890)",Vulnerable,A4ce,3.1,Decreasing,Global
3694756,133333,Oulophyllia bennettae,ANIMALIA,CNIDARIA,SCLERACTINIA,ANTHOZOA,FAVIIDAE,Oulophyllia,bennettae,,,,"(Veron &amp; Pichon, 1977)",Near Threatened,,3.1,Decreasing,Global
3706472,133359,Acropora microclados,ANIMALIA,CNIDARIA,SCLERACTINIA,ANTHOZOA,ACROPORIDAE,Acropora,microclados,,,,"(Ehrenberg, 1834)",Vulnerable,A4ce,3.1,Decreasing,Global
3721615,133392,Favia laxa,ANIMALIA,CNIDARIA,SCLERACTINIA,ANTHOZOA,FAVIIDAE,Favia,laxa,,,,"(Klunzinger, 1879)",Near Threatened,,3.1,Decreasing,Global
3734638,133417,Caulastrea furcata,ANIMALIA,CNIDARIA,SCLERACTINIA,ANTHOZOA,FAVIIDAE,Caulastrea,furcata,,,,"Dana, 1846",Least Concern,,3.1,Decreasing,Global
3737366,133422,Montipora capricornis,ANIMALIA,CNIDARIA,SCLERACTINIA,ANTHOZOA,ACROPORIDAE,Montipora,capricornis,,,,"Veron, 1985",Vulnerable,A4ce,3.1,Decreasing,Global
3738458,133424,Leptastrea inaequalis,ANIMALIA,CNIDARIA,SCLERACTINIA,ANTHOZOA,FAVIIDAE,Leptastrea,inaequalis,,,,"Klunzinger, 1879",Near Threatened,,3.1,Decreasing,Global
3741135,133429,Echinopora horrida,ANIMALIA,CNIDARIA,SCLERACTINIA,ANTHOZOA,FAVIIDAE,Echinopora,horrida,,,,"Dana, 1846",Near Threatened,,3.1,Decreasing,Global
3743106,133433,Montipora crassituberculata,ANIMALIA,CNIDARIA,SCLERACTINIA,ANTHOZOA,ACROPORIDAE,Montipora,crassituberculata,,,,"Bernard, 1897",Vulnerable,A4c,3.1,Decreasing,Global
3748279,133443,Montipora australiensis,ANIMALIA,CNIDARIA,SCLERACTINIA,ANTHOZOA,ACROPORIDAE,Montipora,australiensis,,,,"Bernard, 1897",Vulnerable,A4ce,3.1,Decreasing,Global
3751322,133450,Montipora turtlensis,ANIMALIA,CNIDARIA,SCLERACTINIA,ANTHOZOA,ACROPORIDAE,Montipora,turtlensis,,,,"Veron &amp; Wallace, 1984",Vulnerable,A4c,3.1,Decreasing,Global
3756703,133460,Montipora cocosensis,ANIMALIA,CNIDARIA,SCLERACTINIA,ANTHOZOA,ACROPORIDAE,Montipora,cocosensis,,,,"Vaughan, 1918",Vulnerable,A4ce,3.1,Decreasing,Global
3761342,133471,Acropora bushyensis,ANIMALIA,CNIDARIA,SCLERACTINIA,ANTHOZOA,ACROPORIDAE,Acropora,bushyensis,,,,"Veron &amp; Wallace, 1984",Least Concern,,3.1,Decreasing,Global
3765052,133479,Acropora hyacinthus,ANIMALIA,CNIDARIA,SCLERACTINIA,ANTHOZOA,ACROPORIDAE,Acropora,hyacinthus,,,,"(Dana, 1846)",Near Threatened,,3.1,Decreasing,Global
3766092,133481,Acropora chesterfieldensis,ANIMALIA,CNIDARIA,SCLERACTINIA,ANTHOZOA,ACROPORIDAE,Acropora,chesterfieldensis,,,,"Veron &amp; Wallace, 1984",Least Concern,,3.1,Decreasing,Global
3780151,133510,Favia lizardensis,ANIMALIA,CNIDARIA,SCLERACTINIA,ANTHOZOA,FAVIIDAE,Favia,lizardensis,,,,"Veron &amp; Pichon, 1977",Near Threatened,,3.1,Decreasing,Global
3781375,133513,Acropora anthocercis,ANIMALIA,CNIDARIA,SCLERACTINIA,ANTHOZOA,ACROPORIDAE,Acropora,anthocercis,,,,"(Brook, 1893)",Vulnerable,A4ce,3.1,Decreasing,Global
3794074,133541,Isopora elizabethensis,ANIMALIA,CNIDARIA,SCLERACTINIA,ANTHOZOA,ACROPORIDAE,Isopora,elizabethensis,,,,"Veron, 2002",Data Deficient,,3.1,Decreasing,Global
3796328,133547,Acropora yongei,ANIMALIA,CNIDARIA,SCLERACTINIA,ANTHOZOA,ACROPORIDAE,Acropora,yongei,,,,"Veron &amp; Wallace, 1984",Least Concern,,3.1,Decreasing,Global
3798083,133550,Acropora glauca,ANIMALIA,CNIDARIA,SCLERACTINIA,ANTHOZOA,ACROPORIDAE,Acropora,glauca,,,,"(Brook, 1893)",Near Threatened,,3.1,Decreasing,Global
3800877,133556,Montipora spumosa,ANIMALIA,CNIDARIA,SCLERACTINIA,ANTHOZOA,ACROPORIDAE,Montipora,spumosa,,,,"(Lamarck, 1816)",Least Concern,,3.1,Decreasing,Global
3804883,133563,Montipora peltiformis,ANIMALIA,CNIDARIA,SCLERACTINIA,ANTHOZOA,ACROPORIDAE,Montipora,peltiformis,,,,"Bernard, 1897",Near Threatened,,3.1,Decreasing,Global
3821970,133599,Montipora undata,ANIMALIA,CNIDARIA,SCLERACTINIA,ANTHOZOA,ACROPORIDAE,Montipora,undata,,,,"Bernard, 1897",Near Threatened,,3.1,Decreasing,Global
3832396,133621,Acropora valenciennesi,ANIMALIA,CNIDARIA,SCLERACTINIA,ANTHOZOA,ACROPORIDAE,Acropora,valenciennesi,,,,"(Milne Edwards &amp; Haime, 1860)",Least Concern,,3.1,Decreasing,Global
3845401,133647,Acropora polystoma,ANIMALIA,CNIDARIA,SCLERACTINIA,ANTHOZOA,ACROPORIDAE,Acropora,polystoma,,,,"(Brook, 1891)",Vulnerable,A4ce,3.1,Decreasing,Global
3847939,133651,Platygyra lamellina,ANIMALIA,CNIDARIA,SCLERACTINIA,ANTHOZOA,FAVIIDAE,Platygyra,lamellina,,,,"(Ehrenberg, 1834)",Near Threatened,,3.1,Decreasing,Global
3849670,133654,Favites chinensis,ANIMALIA,CNIDARIA,SCLERACTINIA,ANTHOZOA,FAVIIDAE,Favites,chinensis,,,,"(Verrill, 1866)",Near Threatened,,3.1,Decreasing,Global
3858821,133674,Montipora mollis,ANIMALIA,CNIDARIA,SCLERACTINIA,ANTHOZOA,ACROPORIDAE,Montipora,mollis,,,,"Bernard, 1897",Least Concern,,3.1,Decreasing,Global
3862790,133682,Acropora subulata,ANIMALIA,CNIDARIA,SCLERACTINIA,ANTHOZOA,ACROPORIDAE,Acropora,subulata,,,,"(Dana, 1846)",Least Concern,,3.1,Decreasing,Global
3869980,133698,Acropora nana,ANIMALIA,CNIDARIA,SCLERACTINIA,ANTHOZOA,ACROPORIDAE,Acropora,nana,,,,"(Studer, 1878)",Near Threatened,,3.1,Decreasing,Global
54151400,132869,Acropora florida,ANIMALIA,CNIDARIA,SCLERACTINIA,ANTHOZOA,ACROPORIDAE,Acropora,florida,,,,"(Dana, 1846)",Near Threatened,,3.1,Decreasing,Global
54152435,132878,Favia maxima,ANIMALIA,CNIDARIA,SCLERACTINIA,ANTHOZOA,FAVIIDAE,Favia,maxima,,,,"Veron Pichon &amp; Wijsman-Best, 1972",Near Threatened,,3.1,Decreasing,Global
54154226,132883,Goniastrea australensis,ANIMALIA,CNIDARIA,SCLERACTINIA,ANTHOZOA,FAVIIDAE,Goniastrea,australensis,,,,"(Milne Edwards &amp; Haime, 1857)",Least Concern,,3.1,Decreasing,Global
54156250,132888,Acropora secale,ANIMALIA,CNIDARIA,SCLERACTINIA,ANTHOZOA,ACROPORIDAE,Acropora,secale,,,,"(Studer, 1878)",Near Threatened,,3.1,Decreasing,Global
54161679,132922,Montastrea curta,ANIMALIA,CNIDARIA,SCLERACTINIA,ANTHOZOA,FAVIIDAE,Montastrea,curta,,,,"(Dana, 1846)",Least Concern,,3.1,Decreasing,Global
54163337,132936,Favia pallida,ANIMALIA,CNIDARIA,SCLERACTINIA,ANTHOZOA,FAVIIDAE,Favia,pallida,,,,"(Dana, 1846)",Least Concern,,3.1,Decreasing,Global
54164079,132940,Acropora acuminata,ANIMALIA,CNIDARIA,SCLERACTINIA,ANTHOZOA,ACROPORIDAE,Acropora,acuminata,,,,(Verrill 1864),Vulnerable,A4ce,3.1,Decreasing,Global
54164687,132948,Acropora granulosa,ANIMALIA,CNIDARIA,SCLERACTINIA,ANTHOZOA,ACROPORIDAE,Acropora,granulosa,,,,"(Milne Edwards &amp; Haime, 1860)",Near Threatened,,3.1,Decreasing,Global
54168256,132969,Acropora listeri,ANIMALIA,CNIDARIA,SCLERACTINIA,ANTHOZOA,ACROPORIDAE,Acropora,listeri,,,,"(Brook, 1893)",Vulnerable,A4ce,3.1,Decreasing,Global
54169590,132976,Acropora loripes,ANIMALIA,CNIDARIA,SCLERACTINIA,ANTHOZOA,ACROPORIDAE,Acropora,loripes,,,,"(Brook, 1892)",Near Threatened,,3.1,Decreasing,Global
54170240,132978,Montastrea magnistellata,ANIMALIA,CNIDARIA,SCLERACTINIA,ANTHOZOA,FAVIIDAE,Montastrea,magnistellata,,,,"Chevalier, 1971",Near Threatened,,3.1,Decreasing,Global
54170883,132980,Leptoria phrygia,ANIMALIA,CNIDARIA,SCLERACTINIA,ANTHOZOA,FAVIIDAE,Leptoria,phrygia,,,,"(Ellis &amp; Solander, 1786)",Near Threatened,,3.1,Decreasing,Global
54172878,132992,Acropora humilis,ANIMALIA,CNIDARIA,SCLERACTINIA,ANTHOZOA,ACROPORIDAE,Acropora,humilis,,,,"(Dana, 1846)",Near Threatened,,3.1,Decreasing,Global
54173555,132997,Montastrea valenciennesi,ANIMALIA,CNIDARIA,SCLERACTINIA,ANTHOZOA,FAVIIDAE,Montastrea,valenciennesi,,,,"(Milne Edwards &amp; Haime, 1848)",Near Threatened,,3.1,Decreasing,Global
54174146,132998,Acropora samoensis,ANIMALIA,CNIDARIA,SCLERACTINIA,ANTHOZOA,ACROPORIDAE,Acropora,samoensis,,,,"(Brook, 1891)",Least Concern,,3.1,Decreasing,Global
54176059,133013,Acropora grandis,ANIMALIA,CNIDARIA,SCLERACTINIA,ANTHOZOA,ACROPORIDAE,Acropora,grandis,,,,"(Brook, 1892)",Least Concern,,3.1,Decreasing,Global
54177216,133020,Acropora tenuis,ANIMALIA,CNIDARIA,SCLERACTINIA,ANTHOZOA,ACROPORIDAE,Acropora,tenuis,,,,"(Dana, 1846)",Near Threatened,,3.1,Decreasing,Global
54177921,133021,Acropora microphthalma,ANIMALIA,CNIDARIA,SCLERACTINIA,ANTHOZOA,ACROPORIDAE,Acropora,microphthalma,,,,"(Verrill, 1859)",Least Concern,,3.1,Decreasing,Global
54181084,133029,Favia rotumana,ANIMALIA,CNIDARIA,SCLERACTINIA,ANTHOZOA,FAVIIDAE,Favia,rotumana,,,,"(Gardiner, 1899)",Least Concern,,3.1,Decreasing,Global
54186872,133055,Favites halicora,ANIMALIA,CNIDARIA,SCLERACTINIA,ANTHOZOA,FAVIIDAE,Favites,halicora,,,,"(Ehrenberg, 1834)",Near Threatened,,3.1,Decreasing,Global
54188728,133066,Montipora informis,ANIMALIA,CNIDARIA,SCLERACTINIA,ANTHOZOA,ACROPORIDAE,Montipora,informis,,,,"Bernard, 1897",Least Concern,,3.1,Decreasing,Global
54189890,133071,Montipora foliosa,ANIMALIA,CNIDARIA,SCLERACTINIA,ANTHOZOA,ACROPORIDAE,Montipora,foliosa,,,,"(Pallas, 1766)",Near Threatened,,3.1,Decreasing,Global
54193471,133088,Echinopora lamellosa,ANIMALIA,CNIDARIA,SCLERACTINIA,ANTHOZOA,FAVIIDAE,Echinopora,lamellosa,,,,(Esper 1795),Least Concern,,3.1,Decreasing,Global
54194183,133090,Leptastrea purpurea,ANIMALIA,CNIDARIA,SCLERACTINIA,ANTHOZOA,FAVIIDAE,Leptastrea,purpurea,,,,"(Dana, 1846)",Least Concern,,3.1,Decreasing,Global
54199574,133117,Montipora lobulata,ANIMALIA,CNIDARIA,SCLERACTINIA,ANTHOZOA,ACROPORIDAE,Montipora,lobulata,,,,"Bernard, 1897",Vulnerable,A4c,3.1,Decreasing,Global
54200688,133132,Acropora aspera,ANIMALIA,CNIDARIA,SCLERACTINIA,ANTHOZOA,ACROPORIDAE,Acropora,aspera,,,,"(Dana, 1846)",Vulnerable,A4ce,3.1,Decreasing,Global
54205621,133167,Cyphastrea serailia,ANIMALIA,CNIDARIA,SCLERACTINIA,ANTHOZOA,FAVIIDAE,Cyphastrea,serailia,,,,"(Forskål, 1775)",Least Concern,,3.1,Decreasing,Global
54207651,133175,Montipora efflorescens,ANIMALIA,CNIDARIA,SCLERACTINIA,ANTHOZOA,ACROPORIDAE,Montipora,efflorescens,,,,"Bernard, 1897",Near Threatened,,3.1,Decreasing,Global
54209005,133186,Montipora floweri,ANIMALIA,CNIDARIA,SCLERACTINIA,ANTHOZOA,ACROPORIDAE,Montipora,floweri,,,,"Wells, 1954",Least Concern,,3.1,Decreasing,Global
54211359,133200,Oulophyllia crispa,ANIMALIA,CNIDARIA,SCLERACTINIA,ANTHOZOA,FAVIIDAE,Oulophyllia,crispa,,,,"(Lamarck, 1816)",Near Threatened,,3.1,Decreasing,Global
54213777,133209,Favites pentagona,ANIMALIA,CNIDARIA,SCLERACTINIA,ANTHOZOA,FAVIIDAE,Favites,pentagona,,,,"(Esper, 1794)",Least Concern,,3.1,Decreasing,Global
54216304,133220,Montipora caliculata,ANIMALIA,CNIDARIA,SCLERACTINIA,ANTHOZOA,ACROPORIDAE,Montipora,caliculata,,,,"(Dana, 1846)",Vulnerable,A4ce,3.1,Decreasing,Global
54219368,133239,Acropora nasuta,ANIMALIA,CNIDARIA,SCLERACTINIA,ANTHOZOA,ACROPORIDAE,Acropora,nasuta,,,,"(Dana, 1846)",Near Threatened,,3.1,Decreasing,Global
54221512,133244,Favites flexuosa,ANIMALIA,CNIDARIA,SCLERACTINIA,ANTHOZOA,FAVIIDAE,Favites,flexuosa,,,,"(Dana, 1846)",Near Threatened,,3.1,Decreasing,Global
54222944,133248,Acropora robusta,ANIMALIA,CNIDARIA,SCLERACTINIA,ANTHOZOA,ACROPORIDAE,Acropora,robusta,,,,"(Dana, 1846)",Least Concern,,3.1,Decreasing,Global
54223617,133250,Acropora digitifera,ANIMALIA,CNIDARIA,SCLERACTINIA,ANTHOZOA,ACROPORIDAE,Acropora,digitifera,,,,"(Dana, 1846)",Near Threatened,,3.1,Decreasing,Global
54226156,133267,Astreopora listeri,ANIMALIA,CNIDARIA,SCLERACTINIA,ANTHOZOA,ACROPORIDAE,Astreopora,listeri,,,,"Bernard, 1896",Least Concern,,3.1,Decreasing,Global
54227968,133284,Plesiastrea versipora,ANIMALIA,CNIDARIA,SCLERACTINIA,ANTHOZOA,FAVIIDAE,Plesiastrea,versipora,,,,"(Lamarck, 1816)",Least Concern,,3.1,Decreasing,Global
54229155,133290,Favites abdita,ANIMALIA,CNIDARIA,SCLERACTINIA,ANTHOZOA,FAVIIDAE,Favites,abdita,,,,"(Ellis &amp; Solander, 1786)",Near Threatened,,3.1,Decreasing,Global
54230315,133292,Astreopora myriophthalma,ANIMALIA,CNIDARIA,SCLERACTINIA,ANTHOZOA,ACROPORIDAE,Astreopora,myriophthalma,,,,"(Lamarck, 1816)",Least Concern,,3.1,Decreasing,Global
54231035,133293,Acropora valida,ANIMALIA,CNIDARIA,SCLERACTINIA,ANTHOZOA,ACROPORIDAE,Acropora,valida,,,,"(Dana, 1846)",Least Concern,,3.1,Decreasing,Global
54232334,133302,Astreopora gracilis,ANIMALIA,CNIDARIA,SCLERACTINIA,ANTHOZOA,ACROPORIDAE,Astreopora,gracilis,,,,"Bernard, 1896",Least Concern,,3.1,Decreasing,Global
54232897,133303,Acropora lutkeni,ANIMALIA,CNIDARIA,SCLERACTINIA,ANTHOZOA,ACROPORIDAE,Acropora,lutkeni,,,,"Crossland, 1952",Near Threatened,,3.1,Decreasing,Global
54235037,133314,Montipora aequituberculata,ANIMALIA,CNIDARIA,SCLERACTINIA,ANTHOZOA,ACROPORIDAE,Montipora,aequituberculata,,,,"Bernard, 1897",Least Concern,,3.1,Decreasing,Global
54235770,133315,Acropora monticulosa,ANIMALIA,CNIDARIA,SCLERACTINIA,ANTHOZOA,ACROPORIDAE,Acropora,monticulosa,,,,"(Brüggemann, 1879)",Near Threatened,,3.1,Decreasing,Global
54236356,133324,Acropora gemmifera,ANIMALIA,CNIDARIA,SCLERACTINIA,ANTHOZOA,ACROPORIDAE,Acropora,gemmifera,,,,"(Brook, 1892)",Least Concern,,3.1,Decreasing,Global
54237016,133325,Cyphastrea chalcidicum,ANIMALIA,CNIDARIA,SCLERACTINIA,ANTHOZOA,FAVIIDAE,Cyphastrea,chalcidicum,,,,"(Forskål, 1775)",Least Concern,,3.1,Decreasing,Global
54238095,133327,Acropora lovelli,ANIMALIA,CNIDARIA,SCLERACTINIA,ANTHOZOA,ACROPORIDAE,Acropora,lovelli,,,,"Veron &amp; Wallace, 1984",Vulnerable,A4ce,3.1,Decreasing,Global
54241411,133343,Favites russelli,ANIMALIA,CNIDARIA,SCLERACTINIA,ANTHOZOA,FAVIIDAE,Favites,russelli,,,,"(Wells, 1954)",Near Threatened,,3.1,Decreasing,Global
54242092,133345,Montipora tuberculosa,ANIMALIA,CNIDARIA,SCLERACTINIA,ANTHOZOA,ACROPORIDAE,Montipora,tuberculosa,,,,"(Lamarck, 1816)",Least Concern,,3.1,Decreasing,Global
54246041,133365,Goniastrea edwardsi,ANIMALIA,CNIDARIA,SCLERACTINIA,ANTHOZOA,FAVIIDAE,Goniastrea,edwardsi,,,,"Chevalier, 1971",Least Concern,,3.1,Decreasing,Global
54250269,133387,Acropora globiceps,ANIMALIA,CNIDARIA,SCLERACTINIA,ANTHOZOA,ACROPORIDAE,Acropora,globiceps,,,,"(Dana, 1846)",Vulnerable,A4ce,3.1,Decreasing,Global
54255764,133414,Goniastrea pectinata,ANIMALIA,CNIDARIA,SCLERACTINIA,ANTHOZOA,FAVIIDAE,Goniastrea,pectinata,,,,"(Ehrenberg, 1834)",Least Concern,,3.1,Decreasing,Global
54258298,133420,Montipora grisea,ANIMALIA,CNIDARIA,SCLERACTINIA,ANTHOZOA,ACROPORIDAE,Montipora,grisea,,,,"Bernard, 1897",Least Concern,,3.1,Decreasing,Global
54259526,133426,Favia danae,ANIMALIA,CNIDARIA,SCLERACTINIA,ANTHOZOA,FAVIIDAE,Favia,danae,,,,"Verrill, 1872",Least Concern,,3.1,Decreasing,Global
54260807,133438,Montipora foveolata,ANIMALIA,CNIDARIA,SCLERACTINIA,ANTHOZOA,ACROPORIDAE,Montipora,foveolata,,,,"(Dana, 1846)",Near Threatened,,3.1,Decreasing,Global
54261428,133440,Platygyra pini,ANIMALIA,CNIDARIA,SCLERACTINIA,ANTHOZOA,FAVIIDAE,Platygyra,pini,,,,"Chevalier, 1975",Least Concern,,3.1,Decreasing,Global
54262745,133451,Montipora danae,ANIMALIA,CNIDARIA,SCLERACTINIA,ANTHOZOA,ACROPORIDAE,Montipora,danae,,,,"(Milne Edwards &amp; Haime, 1851)",Least Concern,,3.1,Decreasing,Global
54263428,133452,Goniastrea aspera,ANIMALIA,CNIDARIA,SCLERACTINIA,ANTHOZOA,FAVIIDAE,Goniastrea,aspera,,,,"Verrill, 1905",Least Concern,,3.1,Decreasing,Global
54266755,133463,Acropora aculeus,ANIMALIA,CNIDARIA,SCLERACTINIA,ANTHOZOA,ACROPORIDAE,Acropora,aculeus,,,,(Dana 1846),Vulnerable,A4ce,3.1,Decreasing,Global
54267376,133468,Platygyra daedalea,ANIMALIA,CNIDARIA,SCLERACTINIA,ANTHOZOA,FAVIIDAE,Platygyra,daedalea,,,,"(Ellis &amp; Solander, 1786)",Least Concern,,3.1,Decreasing,Global
54277592,133525,Montipora monasteriata,ANIMALIA,CNIDARIA,SCLERACTINIA,ANTHOZOA,ACROPORIDAE,Montipora,monasteriata,,,,"(Forskäl, 1775)",Least Concern,,3.1,Decreasing,Global
54278678,133531,Acropora palmerae,ANIMALIA,CNIDARIA,SCLERACTINIA,ANTHOZOA,ACROPORIDAE,Acropora,palmerae,,,,"Wells, 1954",Vulnerable,A4ce,3.1,Decreasing,Global
54279224,133532,Acropora verweyi,ANIMALIA,CNIDARIA,SCLERACTINIA,ANTHOZOA,ACROPORIDAE,Acropora,verweyi,,,,"Veron &amp; Wallace, 1984",Vulnerable,A4ce,3.1,Decreasing,Global
54285344,133560,Goniastrea palauensis,ANIMALIA,CNIDARIA,SCLERACTINIA,ANTHOZOA,FAVIIDAE,Goniastrea,palauensis,,,,"(Yabe &amp; Sugiyama, 1936)",Near Threatened,,3.1,Decreasing,Global
54286783,133569,Favia favus,ANIMALIA,CNIDARIA,SCLERACTINIA,ANTHOZOA,FAVIIDAE,Favia,favus,,,,"(Forskål, 1775)",Least Concern,,3.1,Decreasing,Global
54288231,133576,Acropora cerealis,ANIMALIA,CNIDARIA,SCLERACTINIA,ANTHOZOA,ACROPORIDAE,Acropora,cerealis,,,,"(Dana, 1846)",Least Concern,,3.1,Decreasing,Global
54290854,133593,Favia stelligera,ANIMALIA,CNIDARIA,SCLERACTINIA,ANTHOZOA,FAVIIDAE,Favia,stelligera,,,,"(Dana, 1846)",Near Threatened,,3.1,Decreasing,Global
54293583,133616,Favia matthaii,ANIMALIA,CNIDARIA,SCLERACTINIA,ANTHOZOA,FAVIIDAE,Favia,matthaii,,,,"Vaughan, 1918",Near Threatened,,3.1,Decreasing,Global
54295467,133634,Goniastrea retiformis,ANIMALIA,CNIDARIA,SCLERACTINIA,ANTHOZOA,FAVIIDAE,Goniastrea,retiformis,,,,"(Lamarck, 1816)",Least Concern,,3.1,Decreasing,Global
54296140,133635,Montipora venosa,ANIMALIA,CNIDARIA,SCLERACTINIA,ANTHOZOA,ACROPORIDAE,Montipora,venosa,,,,"(Ehrenberg, 1834)",Near Threatened,,3.1,Decreasing,Global
54297382,133638,Favia maritima,ANIMALIA,CNIDARIA,SCLERACTINIA,ANTHOZOA,FAVIIDAE,Favia,maritima,,,,"(Nemenzo, 1971)",Near Threatened,,3.1,Decreasing,Global
54299282,133644,Acropora formosa,ANIMALIA,CNIDARIA,SCLERACTINIA,ANTHOZOA,ACROPORIDAE,Acropora,formosa,,,,"(Dana, 1846)",Near Threatened,,3.1,Decreasing,Global
54299989,133646,Montipora verrucosa,ANIMALIA,CNIDARIA,SCLERACTINIA,ANTHOZOA,ACROPORIDAE,Montipora,verrucosa,,,,"(Lamarck, 1816)",Least Concern,,3.1,Decreasing,Global
54300728,133648,Cyphastrea microphthalma,ANIMALIA,CNIDARIA,SCLERACTINIA,ANTHOZOA,FAVIIDAE,Cyphastrea,microphthalma,,,,"(Lamarck, 1816)",Least Concern,,3.1,Decreasing,Global
54301475,133649,Acropora abrotanoides,ANIMALIA,CNIDARIA,SCLERACTINIA,ANTHOZOA,ACROPORIDAE,Acropora,abrotanoides,,,,(Lamarck 1816),Least Concern,,3.1,Decreasing,Global
54302167,133652,Leptastrea transversa,ANIMALIA,CNIDARIA,SCLERACTINIA,ANTHOZOA,FAVIIDAE,Leptastrea,transversa,,,,"Klunzinger, 1879",Least Concern,,3.1,Decreasing,Global
54303355,133660,Isopora cuneata,ANIMALIA,CNIDARIA,SCLERACTINIA,ANTHOZOA,ACROPORIDAE,Isopora,cuneata,,,,"(Dana, 1846)",Vulnerable,A4ce,3.1,Decreasing,Global
54304631,133666,Acropora millepora,ANIMALIA,CNIDARIA,SCLERACTINIA,ANTHOZOA,ACROPORIDAE,Acropora,millepora,,,,"(Ehrenberg, 1834)",Near Threatened,,3.1,Decreasing,Global
54307611,133700,Montipora hoffmeisteri,ANIMALIA,CNIDARIA,SCLERACTINIA,ANTHOZOA,ACROPORIDAE,Montipora,hoffmeisteri,,,,"Wells, 1954",Least Concern,,3.1,Decreasing,Global
184253216,163144,Opisthoteuthis chathamensis,ANIMALIA,MOLLUSCA,OCTOPODA,CEPHALOPODA,OPISTHOTEUTHIDAE,Opisthoteuthis,chathamensis,,,,"O’Shea, 1999",Critically Endangered,A2b,3.1,Decreasing,Global
