assessmentId,internalTaxonId,scientificName,code,name,presence,origin,seasonality,formerlyBred
1621878,180373,Isostichopus fuscus,PA,Panama,Extant,Native,"[""Resident""]",
1621878,180373,Isostichopus fuscus,CO,Colombia,Extant,Native,"[""Resident""]",
1621878,180373,Isostichopus fuscus,CR,Costa Rica,Extant,Native,"[""Resident""]",
1621878,180373,Isostichopus fuscus,MX,Mexico,Extant,Native,"[""Resident""]",
1621878,180373,Isostichopus fuscus,HN,Honduras,Extant,Native,"[""Resident""]",
1621878,180373,Isostichopus fuscus,EC,Ecuador,Extant,Native,"[""Resident""]",
1621878,180373,Isostichopus fuscus,SV,El Salvador,Extant,Native,"[""Resident""]",
1621878,180373,Isostichopus fuscus,GT,Guatemala,Extant,Native,"[""Resident""]",
1621878,180373,Isostichopus fuscus,NI,Nicaragua,Extant,Native,"[""Resident""]",
1621878,180373,Isostichopus fuscus,PE,Peru,Extant,Native,"[""Resident""]",
3503904,132944,Montipora nodosa,CL,Chile,Extant,Native,,
3503904,132944,Montipora nodosa,SB,Solomon Islands,Extant,Native,,
3503904,132944,Montipora nodosa,TV,Tuvalu,Extant,Native,,
3503904,132944,Montipora nodosa,SA,Saudi Arabia,Extant,Native,,
3503904,132944,Montipora nodosa,TW,"Taiwan, Province of China",Extant,Native,,
3503904,132944,Montipora nodosa,NC,New Caledonia,Extant,Native,,
3503904,132944,Montipora nodosa,PG,Papua New Guinea,Extant,Native,,
3503904,132944,Montipora nodosa,TZ,"Tanzania, United Republic of",Extant,Native,,
3503904,132944,Montipora nodosa,EG,Egypt,Extant,Native,,
3503904,132944,Montipora nodosa,ER,Eritrea,Extant,Native,,
3503904,132944,Montipora nodosa,PH,Philippines,Extant,Native,,
3503904,132944,Montipora nodosa,PW,Palau,Extant,Native,,
3503904,132944,Montipora nodosa,PN,Pitcairn,Extant,Native,,
3503904,132944,Montipora nodosa,SO,Somalia,Extant,Native,,
3503904,132944,Montipora nodosa,FM,"Micronesia, Federated States of ",Extant,Native,,
3503904,132944,Montipora nodosa,KH,Cambodia,Extant,Native,,
3503904,132944,Montipora nodosa,KI,Kiribati,Extant,Native,,
3503904,132944,Montipora nodosa,FJ,Fiji,Extant,Native,,
3503904,132944,Montipora nodosa,ID,Indonesia,Extant,Native,,
3503904,132944,Montipora nodosa,MH,Marshall Islands,Extant,Native,,
3503904,132944,Montipora nodosa,MG,Madagascar,Extant,Native,,
3503904,132944,Montipora nodosa,NR,Nauru,Extant,Native,,
3503904,132944,Montipora nodosa,TH,Thailand,Extant,Native,,
3503904,132944,Montipora nodosa,VN,Viet Nam,Extant,Native,,
3503904,132944,Montipora nodosa,JO,Jordan,Extant,Native,,
3503904,132944,Montipora nodosa,VU,Vanuatu,Extant,Native,,
3503904,132944,Montipora nodosa,JP,Japan,Extant,Native,,
3503904,132944,Montipora nodosa,KE,Kenya,Extant,Native,,
3503904,132944,Montipora nodosa,DJ,Djibouti,Extant,Native,,
3503904,132944,Montipora nodosa,SD,Sudan,Extant,Native,,
3503904,132944,Montipora nodosa,AS,American Samoa,Extant,Native,,
3503904,132944,Montipora nodosa,IL,Israel,Extant,Native,,
3503904,132944,Montipora nodosa,WS,Samoa,Extant,Native,,
3503904,132944,Montipora nodosa,MZ,Mozambique,Extant,Native,,
3503904,132944,Montipora nodosa,SG,Singapore,Extant,Native,,
3503904,132944,Montipora nodosa,IN,India,Extant,Native,,
3503904,132944,Montipora nodosa,MY,Malaysia,Extant,Native,,
3503904,132944,Montipora nodosa,AU,Australia,Extant,Native,,
3503904,132944,Montipora nodosa,YE,Yemen,Extant,Native,,
3578932,133120,Acropora latistella,SB,Solomon Islands,Extant,Native,,
3578932,133120,Acropora latistella,CL,Chile,Extant,Native,,
3578932,133120,Acropora latistella,SA,Saudi Arabia,Extant,Native,,
3578932,133120,Acropora latistella,CK,Cook Islands,Extant,Native,,
3578932,133120,Acropora latistella,PG,Papua New Guinea,Extant,Native,,
3578932,133120,Acropora latistella,LK,Sri Lanka,Extant,Native,,
3578932,133120,Acropora latistella,PF,French Polynesia,Extant,Native,,
3578932,133120,Acropora latistella,YT,Mayotte,Extant,Native,,
3578932,133120,Acropora latistella,EG,Egypt,Extant,Native,,
3578932,133120,Acropora latistella,ER,Eritrea,Extant,Native,,
3578932,133120,Acropora latistella,PW,Palau,Extant,Native,,
3578932,133120,Acropora latistella,NF,Norfolk Island,Extant,Native,,
3578932,133120,Acropora latistella,YE,Yemen,Extant,Native,,
3578932,133120,Acropora latistella,MM,Myanmar,Extant,Native,,
3578932,133120,Acropora latistella,AU,Australia,Extant,Native,,
3578932,133120,Acropora latistella,IO,British Indian Ocean Territory,Extant,Native,,
3578932,133120,Acropora latistella,IN,India,Extant,Native,,
3578932,133120,Acropora latistella,MY,Malaysia,Extant,Native,,
3578932,133120,Acropora latistella,MZ,Mozambique,Extant,Native,,
3578932,133120,Acropora latistella,VU,Vanuatu,Extant,Native,,
3578932,133120,Acropora latistella,ZA,South Africa,Extant,Native,,
3578932,133120,Acropora latistella,RE,Réunion,Extant,Native,,
3578932,133120,Acropora latistella,VN,Viet Nam,Extant,Native,,
3578932,133120,Acropora latistella,MG,Madagascar,Extant,Native,,
3578932,133120,Acropora latistella,MH,Marshall Islands,Extant,Native,,
3578932,133120,Acropora latistella,ID,Indonesia,Extant,Native,,
3578932,133120,Acropora latistella,DJ,Djibouti,Extant,Native,,
3578932,133120,Acropora latistella,MV,Maldives,Extant,Native,,
3578932,133120,Acropora latistella,MU,Mauritius,Extant,Native,,
3578932,133120,Acropora latistella,AS,American Samoa,Extant,Native,,
3578932,133120,Acropora latistella,IL,Israel,Extant,Native,,
3578932,133120,Acropora latistella,UM,United States Minor Outlying Islands,Extant,Native,,
3578932,133120,Acropora latistella,NC,New Caledonia,Extant,Native,,
3578932,133120,Acropora latistella,TW,"Taiwan, Province of China",Extant,Native,,
3578932,133120,Acropora latistella,TV,Tuvalu,Extant,Native,,
3578932,133120,Acropora latistella,JP,Japan,Extant,Native,,
3578932,133120,Acropora latistella,JO,Jordan,Extant,Native,,
3578932,133120,Acropora latistella,TK,Tokelau,Extant,Native,,
3578932,133120,Acropora latistella,TH,Thailand,Extant,Native,,
3578932,133120,Acropora latistella,NU,Niue,Extant,Native,,
3578932,133120,Acropora latistella,TO,Tonga,Extant,Native,,
3578932,133120,Acropora latistella,NR,Nauru,Extant,Native,,
3578932,133120,Acropora latistella,KI,Kiribati,Extant,Native,,
3578932,133120,Acropora latistella,FJ,Fiji,Extant,Native,,
3578932,133120,Acropora latistella,FM,"Micronesia, Federated States of ",Extant,Native,,
3578932,133120,Acropora latistella,SD,Sudan,Extant,Native,,
3578932,133120,Acropora latistella,SC,Seychelles,Extant,Native,,
3578932,133120,Acropora latistella,CX,Christmas Island,Extant,Native,,
3578932,133120,Acropora latistella,WS,Samoa,Extant,Native,,
3578932,133120,Acropora latistella,SG,Singapore,Extant,Native,,
3578932,133120,Acropora latistella,KM,Comoros,Extant,Native,,
3578932,133120,Acropora latistella,SO,Somalia,Extant,Native,,
3578932,133120,Acropora latistella,PN,Pitcairn,Extant,Native,,
3578932,133120,Acropora latistella,PH,Philippines,Extant,Native,,
3578932,133120,Acropora latistella,WF,Wallis and Futuna,Extant,Native,,
3578932,133120,Acropora latistella,CC,Cocos (Keeling) Islands,Extant,Native,,
3625707,133196,Montipora incrassata,TV,Tuvalu,Extant,Native,,
3625707,133196,Montipora incrassata,SB,Solomon Islands,Extant,Native,,
3625707,133196,Montipora incrassata,CL,Chile,Extant,Native,,
3625707,133196,Montipora incrassata,WS,Samoa,Extant,Native,,
3625707,133196,Montipora incrassata,AS,American Samoa,Extant,Native,,
3625707,133196,Montipora incrassata,MU,Mauritius,Extant,Native,,
3625707,133196,Montipora incrassata,FM,"Micronesia, Federated States of ",Extant,Native,,
3625707,133196,Montipora incrassata,FJ,Fiji,Extant,Native,,
3625707,133196,Montipora incrassata,KI,Kiribati,Extant,Native,,
3625707,133196,Montipora incrassata,ID,Indonesia,Extant,Native,,
3625707,133196,Montipora incrassata,MH,Marshall Islands,Extant,Native,,
3625707,133196,Montipora incrassata,NR,Nauru,Extant,Native,,
3625707,133196,Montipora incrassata,TH,Thailand,Extant,Native,,
3625707,133196,Montipora incrassata,VN,Viet Nam,Extant,Native,,
3625707,133196,Montipora incrassata,VU,Vanuatu,Extant,Native,,
3625707,133196,Montipora incrassata,JP,Japan,Extant,Native,,
3625707,133196,Montipora incrassata,UM,United States Minor Outlying Islands,Extant,Native,,
3625707,133196,Montipora incrassata,MY,Malaysia,Extant,Native,,
3625707,133196,Montipora incrassata,SG,Singapore,Extant,Native,,
3625707,133196,Montipora incrassata,AU,Australia,Extant,Native,,
3625707,133196,Montipora incrassata,MM,Myanmar,Extant,Native,,
3625707,133196,Montipora incrassata,PW,Palau,Extant,Native,,
3625707,133196,Montipora incrassata,PH,Philippines,Extant,Native,,
3625707,133196,Montipora incrassata,WF,Wallis and Futuna,Extant,Native,,
3625707,133196,Montipora incrassata,PG,Papua New Guinea,Extant,Native,,
3625707,133196,Montipora incrassata,CN,China,Extant,Native,,
3625707,133196,Montipora incrassata,NC,New Caledonia,Extant,Native,,
3625707,133196,Montipora incrassata,TW,"Taiwan, Province of China",Extant,Native,,
3667540,133278,Leptastrea pruinosa,JP,Japan,Extant,Native,,
3667540,133278,Leptastrea pruinosa,TV,Tuvalu,Extant,Native,,
3667540,133278,Leptastrea pruinosa,TW,"Taiwan, Province of China",Extant,Native,,
3667540,133278,Leptastrea pruinosa,NC,New Caledonia,Extant,Native,,
3667540,133278,Leptastrea pruinosa,YT,Mayotte,Extant,Native,,
3667540,133278,Leptastrea pruinosa,TZ,"Tanzania, United Republic of",Extant,Native,,
3667540,133278,Leptastrea pruinosa,EG,Egypt,Extant,Native,,
3667540,133278,Leptastrea pruinosa,ER,Eritrea,Extant,Native,,
3667540,133278,Leptastrea pruinosa,PW,Palau,Extant,Native,,
3667540,133278,Leptastrea pruinosa,YE,Yemen,Extant,Native,,
3667540,133278,Leptastrea pruinosa,MM,Myanmar,Extant,Native,,
3667540,133278,Leptastrea pruinosa,AU,Australia,Extant,Native,,
3667540,133278,Leptastrea pruinosa,VU,Vanuatu,Extant,Native,,
3667540,133278,Leptastrea pruinosa,VN,Viet Nam,Extant,Native,,
3667540,133278,Leptastrea pruinosa,MG,Madagascar,Extant,Native,,
3667540,133278,Leptastrea pruinosa,MH,Marshall Islands,Extant,Native,,
3667540,133278,Leptastrea pruinosa,ID,Indonesia,Extant,Native,,
3667540,133278,Leptastrea pruinosa,DJ,Djibouti,Extant,Native,,
3667540,133278,Leptastrea pruinosa,MU,Mauritius,Extant,Native,,
3667540,133278,Leptastrea pruinosa,AS,American Samoa,Extant,Native,,
3667540,133278,Leptastrea pruinosa,IL,Israel,Extant,Native,,
3667540,133278,Leptastrea pruinosa,MZ,Mozambique,Extant,Native,,
3667540,133278,Leptastrea pruinosa,UM,United States Minor Outlying Islands,Extant,Native,,
3667540,133278,Leptastrea pruinosa,MY,Malaysia,Extant,Native,,
3667540,133278,Leptastrea pruinosa,IN,India,Extant,Native,,
3667540,133278,Leptastrea pruinosa,JO,Jordan,Extant,Native,,
3667540,133278,Leptastrea pruinosa,TH,Thailand,Extant,Native,,
3667540,133278,Leptastrea pruinosa,NR,Nauru,Extant,Native,,
3667540,133278,Leptastrea pruinosa,KI,Kiribati,Extant,Native,,
3667540,133278,Leptastrea pruinosa,FJ,Fiji,Extant,Native,,
3667540,133278,Leptastrea pruinosa,FM,"Micronesia, Federated States of ",Extant,Native,,
3667540,133278,Leptastrea pruinosa,KH,Cambodia,Extant,Native,,
3667540,133278,Leptastrea pruinosa,KE,Kenya,Extant,Native,,
3667540,133278,Leptastrea pruinosa,SD,Sudan,Extant,Native,,
3667540,133278,Leptastrea pruinosa,CX,Christmas Island,Extant,Native,,
3667540,133278,Leptastrea pruinosa,WS,Samoa,Extant,Native,,
3667540,133278,Leptastrea pruinosa,SG,Singapore,Extant,Native,,
3667540,133278,Leptastrea pruinosa,KM,Comoros,Extant,Native,,
3667540,133278,Leptastrea pruinosa,SO,Somalia,Extant,Native,,
3667540,133278,Leptastrea pruinosa,PN,Pitcairn,Extant,Native,,
3667540,133278,Leptastrea pruinosa,PH,Philippines,Extant,Native,,
3667540,133278,Leptastrea pruinosa,CC,Cocos (Keeling) Islands,Extant,Native,,
3667540,133278,Leptastrea pruinosa,WF,Wallis and Futuna,Extant,Native,,
3667540,133278,Leptastrea pruinosa,LK,Sri Lanka,Extant,Native,,
3667540,133278,Leptastrea pruinosa,PG,Papua New Guinea,Extant,Native,,
3667540,133278,Leptastrea pruinosa,CN,China,Extant,Native,,
3667540,133278,Leptastrea pruinosa,SA,Saudi Arabia,Extant,Native,,
3667540,133278,Leptastrea pruinosa,CL,Chile,Extant,Native,,
3667540,133278,Leptastrea pruinosa,SB,Solomon Islands,Extant,Native,,
3743106,133433,Montipora crassituberculata,CL,Chile,Extant,Native,,
3743106,133433,Montipora crassituberculata,SG,Singapore,Extant,Native,,
3743106,133433,Montipora crassituberculata,IN,India,Extant,Native,,
3743106,133433,Montipora crassituberculata,MY,Malaysia,Extant,Native,,
3743106,133433,Montipora crassituberculata,KH,Cambodia,Extant,Native,,
3743106,133433,Montipora crassituberculata,FM,"Micronesia, Federated States of ",Extant,Native,,
3743106,133433,Montipora crassituberculata,FJ,Fiji,Extant,Native,,
3743106,133433,Montipora crassituberculata,KI,Kiribati,Extant,Native,,
3743106,133433,Montipora crassituberculata,ID,Indonesia,Extant,Native,,
3743106,133433,Montipora crassituberculata,MH,Marshall Islands,Extant,Native,,
3743106,133433,Montipora crassituberculata,NR,Nauru,Extant,Native,,
3743106,133433,Montipora crassituberculata,TH,Thailand,Extant,Native,,
3743106,133433,Montipora crassituberculata,VN,Viet Nam,Extant,Native,,
3743106,133433,Montipora crassituberculata,VU,Vanuatu,Extant,Native,,
3743106,133433,Montipora crassituberculata,AU,Australia,Extant,Native,,
3743106,133433,Montipora crassituberculata,MM,Myanmar,Extant,Native,,
3743106,133433,Montipora crassituberculata,PN,Pitcairn,Extant,Native,,
3743106,133433,Montipora crassituberculata,PW,Palau,Extant,Native,,
3743106,133433,Montipora crassituberculata,PH,Philippines,Extant,Native,,
3743106,133433,Montipora crassituberculata,WF,Wallis and Futuna,Extant,Native,,
3743106,133433,Montipora crassituberculata,LK,Sri Lanka,Extant,Native,,
3743106,133433,Montipora crassituberculata,PG,Papua New Guinea,Extant,Native,,
3743106,133433,Montipora crassituberculata,NC,New Caledonia,Extant,Native,,
3743106,133433,Montipora crassituberculata,TW,"Taiwan, Province of China",Extant,Native,,
3743106,133433,Montipora crassituberculata,SB,Solomon Islands,Extant,Native,,
3743106,133433,Montipora crassituberculata,TV,Tuvalu,Extant,Native,,
3748279,133443,Montipora australiensis,SB,Solomon Islands,Extant,Native,,
3748279,133443,Montipora australiensis,CL,Chile,Extant,Native,,
3748279,133443,Montipora australiensis,TV,Tuvalu,Extant,Native,,
3748279,133443,Montipora australiensis,CK,Cook Islands,Extant,Native,,
3748279,133443,Montipora australiensis,TW,"Taiwan, Province of China",Extant,Native,,
3748279,133443,Montipora australiensis,NC,New Caledonia,Extant,Native,,
3748279,133443,Montipora australiensis,YT,Mayotte,Extant,Native,,
3748279,133443,Montipora australiensis,PG,Papua New Guinea,Extant,Native,,
3748279,133443,Montipora australiensis,AS,American Samoa,Extant,Native,,
3748279,133443,Montipora australiensis,MU,Mauritius,Extant,Native,,
3748279,133443,Montipora australiensis,FJ,Fiji,Extant,Native,,
3748279,133443,Montipora australiensis,KI,Kiribati,Extant,Native,,
3748279,133443,Montipora australiensis,ID,Indonesia,Extant,Native,,
3748279,133443,Montipora australiensis,MG,Madagascar,Extant,Native,,
3748279,133443,Montipora australiensis,NU,Niue,Extant,Native,,
3748279,133443,Montipora australiensis,TO,Tonga,Extant,Native,,
3748279,133443,Montipora australiensis,TH,Thailand,Extant,Native,,
3748279,133443,Montipora australiensis,RE,Réunion,Extant,Native,,
3748279,133443,Montipora australiensis,TK,Tokelau,Extant,Native,,
3748279,133443,Montipora australiensis,VU,Vanuatu,Extant,Native,,
3748279,133443,Montipora australiensis,JP,Japan,Extant,Native,,
3748279,133443,Montipora australiensis,SC,Seychelles,Extant,Native,,
3748279,133443,Montipora australiensis,MZ,Mozambique,Extant,Native,,
3748279,133443,Montipora australiensis,WS,Samoa,Extant,Native,,
3748279,133443,Montipora australiensis,MY,Malaysia,Extant,Native,,
3748279,133443,Montipora australiensis,SG,Singapore,Extant,Native,,
3748279,133443,Montipora australiensis,IO,British Indian Ocean Territory,Extant,Native,,
3748279,133443,Montipora australiensis,KM,Comoros,Extant,Native,,
3748279,133443,Montipora australiensis,AU,Australia,Extant,Native,,
3748279,133443,Montipora australiensis,PN,Pitcairn,Extant,Native,,
3748279,133443,Montipora australiensis,PH,Philippines,Extant,Native,,
3748279,133443,Montipora australiensis,WF,Wallis and Futuna,Extant,Native,,
3748279,133443,Montipora australiensis,PF,French Polynesia,Extant,Native,,
3765052,133479,Acropora hyacinthus,SB,Solomon Islands,Extant,Native,,
3765052,133479,Acropora hyacinthus,CL,Chile,Extant,Native,,
3765052,133479,Acropora hyacinthus,SA,Saudi Arabia,Extant,Native,,
3765052,133479,Acropora hyacinthus,CK,Cook Islands,Extant,Native,,
3765052,133479,Acropora hyacinthus,PG,Papua New Guinea,Extant,Native,,
3765052,133479,Acropora hyacinthus,LK,Sri Lanka,Extant,Native,,
3765052,133479,Acropora hyacinthus,PF,French Polynesia,Extant,Native,,
3765052,133479,Acropora hyacinthus,PK,Pakistan,Extant,Native,,
3765052,133479,Acropora hyacinthus,NC,New Caledonia,Extant,Native,,
3765052,133479,Acropora hyacinthus,YT,Mayotte,Extant,Native,,
3765052,133479,Acropora hyacinthus,TZ,"Tanzania, United Republic of",Extant,Native,,
3765052,133479,Acropora hyacinthus,EG,Egypt,Extant,Native,,
3765052,133479,Acropora hyacinthus,ER,Eritrea,Extant,Native,,
3765052,133479,Acropora hyacinthus,PW,Palau,Extant,Native,,
3765052,133479,Acropora hyacinthus,YE,Yemen,Extant,Native,,
3765052,133479,Acropora hyacinthus,MM,Myanmar,Extant,Native,,
3765052,133479,Acropora hyacinthus,AU,Australia,Extant,Native,,
3765052,133479,Acropora hyacinthus,IO,British Indian Ocean Territory,Extant,Native,,
3765052,133479,Acropora hyacinthus,IN,India,Extant,Native,,
3765052,133479,Acropora hyacinthus,MY,Malaysia,Extant,Native,,
3765052,133479,Acropora hyacinthus,VU,Vanuatu,Extant,Native,,
3765052,133479,Acropora hyacinthus,ZA,South Africa,Extant,Native,,
3765052,133479,Acropora hyacinthus,RE,Réunion,Extant,Native,,
3765052,133479,Acropora hyacinthus,VN,Viet Nam,Extant,Native,,
3765052,133479,Acropora hyacinthus,MG,Madagascar,Extant,Native,,
3765052,133479,Acropora hyacinthus,MH,Marshall Islands,Extant,Native,,
3765052,133479,Acropora hyacinthus,ID,Indonesia,Extant,Native,,
3765052,133479,Acropora hyacinthus,DJ,Djibouti,Extant,Native,,
3765052,133479,Acropora hyacinthus,MV,Maldives,Extant,Native,,
3765052,133479,Acropora hyacinthus,MU,Mauritius,Extant,Native,,
3765052,133479,Acropora hyacinthus,AS,American Samoa,Extant,Native,,
3765052,133479,Acropora hyacinthus,UM,United States Minor Outlying Islands,Extant,Native,,
3765052,133479,Acropora hyacinthus,MZ,Mozambique,Extant,Native,,
3765052,133479,Acropora hyacinthus,TW,"Taiwan, Province of China",Extant,Native,,
3765052,133479,Acropora hyacinthus,TV,Tuvalu,Extant,Native,,
3765052,133479,Acropora hyacinthus,JP,Japan,Extant,Native,,
3765052,133479,Acropora hyacinthus,TK,Tokelau,Extant,Native,,
3765052,133479,Acropora hyacinthus,TH,Thailand,Extant,Native,,
3765052,133479,Acropora hyacinthus,TO,Tonga,Extant,Native,,
3765052,133479,Acropora hyacinthus,NU,Niue,Extant,Native,,
3765052,133479,Acropora hyacinthus,NR,Nauru,Extant,Native,,
3765052,133479,Acropora hyacinthus,KI,Kiribati,Extant,Native,,
3765052,133479,Acropora hyacinthus,FJ,Fiji,Extant,Native,,
3765052,133479,Acropora hyacinthus,FM,"Micronesia, Federated States of ",Extant,Native,,
3765052,133479,Acropora hyacinthus,KH,Cambodia,Extant,Native,,
3765052,133479,Acropora hyacinthus,KE,Kenya,Extant,Native,,
3765052,133479,Acropora hyacinthus,SD,Sudan,Extant,Native,,
3765052,133479,Acropora hyacinthus,SC,Seychelles,Extant,Native,,
3765052,133479,Acropora hyacinthus,CX,Christmas Island,Extant,Native,,
3765052,133479,Acropora hyacinthus,WS,Samoa,Extant,Native,,
3765052,133479,Acropora hyacinthus,SG,Singapore,Extant,Native,,
3765052,133479,Acropora hyacinthus,KM,Comoros,Extant,Native,,
3765052,133479,Acropora hyacinthus,SO,Somalia,Extant,Native,,
3765052,133479,Acropora hyacinthus,PN,Pitcairn,Extant,Native,,
3765052,133479,Acropora hyacinthus,PH,Philippines,Extant,Native,,
3765052,133479,Acropora hyacinthus,WF,Wallis and Futuna,Extant,Native,,
3765052,133479,Acropora hyacinthus,CC,Cocos (Keeling) Islands,Extant,Native,,
3862790,133682,Acropora subulata,CL,Chile,Extant,Native,,
3862790,133682,Acropora subulata,SB,Solomon Islands,Extant,Native,,
3862790,133682,Acropora subulata,TV,Tuvalu,Extant,Native,,
3862790,133682,Acropora subulata,SA,Saudi Arabia,Extant,Native,,
3862790,133682,Acropora subulata,TW,"Taiwan, Province of China",Extant,Native,,
3862790,133682,Acropora subulata,NC,New Caledonia,Extant,Native,,
3862790,133682,Acropora subulata,YT,Mayotte,Extant,Native,,
3862790,133682,Acropora subulata,PG,Papua New Guinea,Extant,Native,,
3862790,133682,Acropora subulata,TZ,"Tanzania, United Republic of",Extant,Native,,
3862790,133682,Acropora subulata,LK,Sri Lanka,Extant,Native,,
3862790,133682,Acropora subulata,EG,Egypt,Extant,Native,,
3862790,133682,Acropora subulata,CC,Cocos (Keeling) Islands,Extant,Native,,
3862790,133682,Acropora subulata,ER,Eritrea,Extant,Native,,
3862790,133682,Acropora subulata,PH,Philippines,Extant,Native,,
3862790,133682,Acropora subulata,PW,Palau,Extant,Native,,
3862790,133682,Acropora subulata,PN,Pitcairn,Extant,Native,,
3862790,133682,Acropora subulata,SO,Somalia,Extant,Native,,
3862790,133682,Acropora subulata,YE,Yemen,Extant,Native,,
3862790,133682,Acropora subulata,MM,Myanmar,Extant,Native,,
3862790,133682,Acropora subulata,AU,Australia,Extant,Native,,
3862790,133682,Acropora subulata,KM,Comoros,Extant,Native,,
3862790,133682,Acropora subulata,SG,Singapore,Extant,Native,,
3862790,133682,Acropora subulata,KH,Cambodia,Extant,Native,,
3862790,133682,Acropora subulata,KI,Kiribati,Extant,Native,,
3862790,133682,Acropora subulata,FJ,Fiji,Extant,Native,,
3862790,133682,Acropora subulata,ID,Indonesia,Extant,Native,,
3862790,133682,Acropora subulata,MH,Marshall Islands,Extant,Native,,
3862790,133682,Acropora subulata,OM,Oman,Extant,Native,,
3862790,133682,Acropora subulata,NR,Nauru,Extant,Native,,
3862790,133682,Acropora subulata,TH,Thailand,Extant,Native,,
3862790,133682,Acropora subulata,VN,Viet Nam,Extant,Native,,
3862790,133682,Acropora subulata,RE,Réunion,Extant,Native,,
3862790,133682,Acropora subulata,JO,Jordan,Extant,Native,,
3862790,133682,Acropora subulata,VU,Vanuatu,Extant,Native,,
3862790,133682,Acropora subulata,JP,Japan,Extant,Native,,
3862790,133682,Acropora subulata,FM,"Micronesia, Federated States of ",Extant,Native,,
3862790,133682,Acropora subulata,KE,Kenya,Extant,Native,,
3862790,133682,Acropora subulata,DJ,Djibouti,Extant,Native,,
3862790,133682,Acropora subulata,SD,Sudan,Extant,Native,,
3862790,133682,Acropora subulata,AS,American Samoa,Extant,Native,,
3862790,133682,Acropora subulata,MU,Mauritius,Extant,Native,,
3862790,133682,Acropora subulata,CX,Christmas Island,Extant,Native,,
3862790,133682,Acropora subulata,IL,Israel,Extant,Native,,
3862790,133682,Acropora subulata,WS,Samoa,Extant,Native,,
3862790,133682,Acropora subulata,MZ,Mozambique,Extant,Native,,
3862790,133682,Acropora subulata,IN,India,Extant,Native,,
3862790,133682,Acropora subulata,MY,Malaysia,Extant,Native,,
12683468,63579,Rhizopsammia wellingtoni,EC,Ecuador,Possibly Extinct,Native,,
12683651,63580,Tubastraea floreana,EC,Ecuador,Extant,Native,,
54154226,132883,Goniastrea australensis,CK,Cook Islands,Extant,Native,,
54154226,132883,Goniastrea australensis,AS,American Samoa,Extant,Native,,
54154226,132883,Goniastrea australensis,CL,Chile,Extant,Native,,
54154226,132883,Goniastrea australensis,IL,Israel,Extant,Native,,
54154226,132883,Goniastrea australensis,UM,United States Minor Outlying Islands,Extant,Native,,
54154226,132883,Goniastrea australensis,SA,Saudi Arabia,Extant,Native,,
54154226,132883,Goniastrea australensis,MP,Northern Mariana Islands,Extant,Native,,
54154226,132883,Goniastrea australensis,TK,Tokelau,Extant,Native,,
54154226,132883,Goniastrea australensis,NF,Norfolk Island,Extant,Native,,
54154226,132883,Goniastrea australensis,SG,Singapore,Extant,Native,,
54154226,132883,Goniastrea australensis,NU,Niue,Extant,Native,,
54154226,132883,Goniastrea australensis,WS,Samoa,Extant,Native,,
54154226,132883,Goniastrea australensis,SO,Somalia,Extant,Native,,
54154226,132883,Goniastrea australensis,JP,Japan,Extant,Native,,
54154226,132883,Goniastrea australensis,PW,Palau,Extant,Native,,
54154226,132883,Goniastrea australensis,ER,Eritrea,Extant,Native,,
54154226,132883,Goniastrea australensis,KM,Comoros,Extant,Native,,
54154226,132883,Goniastrea australensis,TV,Tuvalu,Extant,Native,,
54154226,132883,Goniastrea australensis,PF,French Polynesia,Extant,Native,,
54154226,132883,Goniastrea australensis,PG,Papua New Guinea,Extant,Native,,
54154226,132883,Goniastrea australensis,NC,New Caledonia,Extant,Native,,
54154226,132883,Goniastrea australensis,LK,Sri Lanka,Extant,Native,,
54154226,132883,Goniastrea australensis,TW,"Taiwan, Province of China",Extant,Native,,
54154226,132883,Goniastrea australensis,MZ,Mozambique,Extant,Native,,
54154226,132883,Goniastrea australensis,YT,Mayotte,Extant,Native,,
54154226,132883,Goniastrea australensis,PH,Philippines,Extant,Native,,
54154226,132883,Goniastrea australensis,WF,Wallis and Futuna,Extant,Native,,
54154226,132883,Goniastrea australensis,TZ,"Tanzania, United Republic of",Extant,Native,,
54154226,132883,Goniastrea australensis,JO,Jordan,Extant,Native,,
54154226,132883,Goniastrea australensis,PN,Pitcairn,Extant,Native,,
54154226,132883,Goniastrea australensis,EG,Egypt,Extant,Native,,
54154226,132883,Goniastrea australensis,SC,Seychelles,Extant,Native,,
54154226,132883,Goniastrea australensis,YE,Yemen,Extant,Native,,
54154226,132883,Goniastrea australensis,TH,Thailand,Extant,Native,,
54154226,132883,Goniastrea australensis,KE,Kenya,Extant,Native,,
54154226,132883,Goniastrea australensis,KI,Kiribati,Extant,Native,,
54154226,132883,Goniastrea australensis,AU,Australia,Extant,Native,,
54154226,132883,Goniastrea australensis,SD,Sudan,Extant,Native,,
54154226,132883,Goniastrea australensis,FJ,Fiji,Extant,Native,,
54154226,132883,Goniastrea australensis,TO,Tonga,Extant,Native,,
54154226,132883,Goniastrea australensis,IO,British Indian Ocean Territory,Extant,Native,,
54154226,132883,Goniastrea australensis,FM,"Micronesia, Federated States of ",Extant,Native,,
54154226,132883,Goniastrea australensis,IN,India,Extant,Native,,
54154226,132883,Goniastrea australensis,NR,Nauru,Extant,Native,,
54154226,132883,Goniastrea australensis,RE,Réunion,Extant,Native,,
54154226,132883,Goniastrea australensis,VU,Vanuatu,Extant,Native,,
54154226,132883,Goniastrea australensis,MY,Malaysia,Extant,Native,,
54154226,132883,Goniastrea australensis,MH,Marshall Islands,Extant,Native,,
54154226,132883,Goniastrea australensis,MG,Madagascar,Extant,Native,,
54154226,132883,Goniastrea australensis,VN,Viet Nam,Extant,Native,,
54154226,132883,Goniastrea australensis,MU,Mauritius,Extant,Native,,
54154226,132883,Goniastrea australensis,MV,Maldives,Extant,Native,,
54154226,132883,Goniastrea australensis,DJ,Djibouti,Extant,Native,,
54154226,132883,Goniastrea australensis,SB,Solomon Islands,Extant,Native,,
54154226,132883,Goniastrea australensis,ID,Indonesia,Extant,Native,,
54154226,132883,Goniastrea australensis,GU,Guam,Extant,Native,,
54161679,132922,Montastrea curta,NZ,New Zealand,Extant,Native,,
54161679,132922,Montastrea curta,TH,Thailand,Extant,Native,,
54161679,132922,Montastrea curta,TK,Tokelau,Extant,Native,,
54161679,132922,Montastrea curta,TV,Tuvalu,Extant,Native,,
54161679,132922,Montastrea curta,SB,Solomon Islands,Extant,Native,,
54161679,132922,Montastrea curta,JO,Jordan,Extant,Native,,
54161679,132922,Montastrea curta,JP,Japan,Extant,Native,,
54161679,132922,Montastrea curta,SA,Saudi Arabia,Extant,Native,,
54161679,132922,Montastrea curta,YT,Mayotte,Extant,Native,,
54161679,132922,Montastrea curta,CL,Chile,Extant,Native,,
54161679,132922,Montastrea curta,MZ,Mozambique,Extant,Native,,
54161679,132922,Montastrea curta,TW,"Taiwan, Province of China",Extant,Native,,
54161679,132922,Montastrea curta,TZ,"Tanzania, United Republic of",Extant,Native,,
54161679,132922,Montastrea curta,MH,Marshall Islands,Extant,Native,,
54161679,132922,Montastrea curta,KH,Cambodia,Extant,Native,,
54161679,132922,Montastrea curta,FM,"Micronesia, Federated States of ",Extant,Native,,
54161679,132922,Montastrea curta,EG,Egypt,Extant,Native,,
54161679,132922,Montastrea curta,ID,Indonesia,Extant,Native,,
54161679,132922,Montastrea curta,ER,Eritrea,Extant,Native,,
54161679,132922,Montastrea curta,FJ,Fiji,Extant,Native,,
54161679,132922,Montastrea curta,PW,Palau,Extant,Native,,
54161679,132922,Montastrea curta,VU,Vanuatu,Extant,Native,,
54161679,132922,Montastrea curta,RE,Réunion,Extant,Native,,
54161679,132922,Montastrea curta,OM,Oman,Extant,Native,,
54161679,132922,Montastrea curta,MY,Malaysia,Extant,Native,,
54161679,132922,Montastrea curta,NU,Niue,Extant,Native,,
54161679,132922,Montastrea curta,TO,Tonga,Extant,Native,,
54161679,132922,Montastrea curta,MM,Myanmar,Extant,Native,,
54161679,132922,Montastrea curta,IN,India,Extant,Native,,
54161679,132922,Montastrea curta,NR,Nauru,Extant,Native,,
54161679,132922,Montastrea curta,IO,British Indian Ocean Territory,Extant,Native,,
54161679,132922,Montastrea curta,YE,Yemen,Extant,Native,,
54161679,132922,Montastrea curta,MP,Northern Mariana Islands,Extant,Native,,
54161679,132922,Montastrea curta,AU,Australia,Extant,Native,,
54161679,132922,Montastrea curta,NF,Norfolk Island,Extant,Native,,
54161679,132922,Montastrea curta,VN,Viet Nam,Extant,Native,,
54161679,132922,Montastrea curta,KI,Kiribati,Extant,Native,,
54161679,132922,Montastrea curta,SD,Sudan,Extant,Native,,
54161679,132922,Montastrea curta,SO,Somalia,Extant,Native,,
54161679,132922,Montastrea curta,KE,Kenya,Extant,Native,,
54161679,132922,Montastrea curta,MG,Madagascar,Extant,Native,,
54161679,132922,Montastrea curta,PN,Pitcairn,Extant,Native,,
54161679,132922,Montastrea curta,MU,Mauritius,Extant,Native,,
54161679,132922,Montastrea curta,SC,Seychelles,Extant,Native,,
54161679,132922,Montastrea curta,PH,Philippines,Extant,Native,,
54161679,132922,Montastrea curta,WS,Samoa,Extant,Native,,
54161679,132922,Montastrea curta,MV,Maldives,Extant,Native,,
54161679,132922,Montastrea curta,WF,Wallis and Futuna,Extant,Native,,
54161679,132922,Montastrea curta,DJ,Djibouti,Extant,Native,,
54161679,132922,Montastrea curta,CX,Christmas Island,Extant,Native,,
54161679,132922,Montastrea curta,UM,United States Minor Outlying Islands,Extant,Native,,
54161679,132922,Montastrea curta,PF,French Polynesia,Extant,Native,,
54161679,132922,Montastrea curta,SG,Singapore,Extant,Native,,
54161679,132922,Montastrea curta,CC,Cocos (Keeling) Islands,Extant,Native,,
54161679,132922,Montastrea curta,KM,Comoros,Extant,Native,,
54161679,132922,Montastrea curta,AS,American Samoa,Extant,Native,,
54161679,132922,Montastrea curta,PG,Papua New Guinea,Extant,Native,,
54161679,132922,Montastrea curta,LK,Sri Lanka,Extant,Native,,
54161679,132922,Montastrea curta,IL,Israel,Extant,Native,,
54161679,132922,Montastrea curta,NC,New Caledonia,Extant,Native,,
54161679,132922,Montastrea curta,CK,Cook Islands,Extant,Native,,
54161679,132922,Montastrea curta,GU,Guam,Extant,Native,,
54168256,132969,Acropora listeri,MM,Myanmar,Extant,Native,,
54168256,132969,Acropora listeri,TW,"Taiwan, Province of China",Extant,Native,,
54168256,132969,Acropora listeri,AS,American Samoa,Extant,Native,,
54168256,132969,Acropora listeri,MU,Mauritius,Extant,Native,,
54168256,132969,Acropora listeri,AU,Australia,Extant,Native,,
54168256,132969,Acropora listeri,IL,Israel,Extant,Native,,
54168256,132969,Acropora listeri,YE,Yemen,Extant,Native,,
54168256,132969,Acropora listeri,SA,Saudi Arabia,Extant,Native,,
54168256,132969,Acropora listeri,TV,Tuvalu,Extant,Native,,
54168256,132969,Acropora listeri,DJ,Djibouti,Extant,Native,,
54168256,132969,Acropora listeri,SD,Sudan,Extant,Native,,
54168256,132969,Acropora listeri,LK,Sri Lanka,Extant,Native,,
54168256,132969,Acropora listeri,FJ,Fiji,Extant,Native,,
54168256,132969,Acropora listeri,SG,Singapore,Extant,Native,,
54168256,132969,Acropora listeri,PG,Papua New Guinea,Extant,Native,,
54168256,132969,Acropora listeri,KI,Kiribati,Extant,Native,,
54168256,132969,Acropora listeri,NC,New Caledonia,Extant,Native,,
54168256,132969,Acropora listeri,MV,Maldives,Extant,Native,,
54168256,132969,Acropora listeri,NR,Nauru,Extant,Native,,
54168256,132969,Acropora listeri,PN,Pitcairn,Extant,Native,,
54168256,132969,Acropora listeri,TK,Tokelau,Extant,Native,,
54168256,132969,Acropora listeri,UM,United States Minor Outlying Islands,Extant,Native,,
54168256,132969,Acropora listeri,RE,Réunion,Extant,Native,,
54168256,132969,Acropora listeri,JO,Jordan,Extant,Native,,
54168256,132969,Acropora listeri,CL,Chile,Extant,Native,,
54168256,132969,Acropora listeri,TO,Tonga,Extant,Native,,
54168256,132969,Acropora listeri,PW,Palau,Extant,Native,,
54168256,132969,Acropora listeri,MY,Malaysia,Extant,Native,,
54168256,132969,Acropora listeri,TH,Thailand,Extant,Native,,
54168256,132969,Acropora listeri,SB,Solomon Islands,Extant,Native,,
54168256,132969,Acropora listeri,VU,Vanuatu,Extant,Native,,
54168256,132969,Acropora listeri,IN,India,Extant,Native,,
54168256,132969,Acropora listeri,MP,Northern Mariana Islands,Extant,Native,,
54168256,132969,Acropora listeri,VN,Viet Nam,Extant,Native,,
54168256,132969,Acropora listeri,WS,Samoa,Extant,Native,,
54168256,132969,Acropora listeri,MH,Marshall Islands,Extant,Native,,
54168256,132969,Acropora listeri,FM,"Micronesia, Federated States of ",Extant,Native,,
54168256,132969,Acropora listeri,EG,Egypt,Extant,Native,,
54168256,132969,Acropora listeri,ER,Eritrea,Extant,Native,,
54168256,132969,Acropora listeri,ID,Indonesia,Extant,Native,,
54168256,132969,Acropora listeri,KH,Cambodia,Extant,Native,,
54168256,132969,Acropora listeri,WF,Wallis and Futuna,Extant,Native,,
54168256,132969,Acropora listeri,PH,Philippines,Extant,Native,,
54168256,132969,Acropora listeri,JP,Japan,Extant,Native,,
54168256,132969,Acropora listeri,GU,Guam,Extant,Native,,
54174146,132998,Acropora samoensis,YT,Mayotte,Extant,Native,,
54174146,132998,Acropora samoensis,NU,Niue,Extant,Native,,
54174146,132998,Acropora samoensis,NC,New Caledonia,Extant,Native,,
54174146,132998,Acropora samoensis,TH,Thailand,Extant,Native,,
54174146,132998,Acropora samoensis,EG,Egypt,Extant,Native,,
54174146,132998,Acropora samoensis,DJ,Djibouti,Extant,Native,,
54174146,132998,Acropora samoensis,MH,Marshall Islands,Extant,Native,,
54174146,132998,Acropora samoensis,SO,Somalia,Extant,Native,,
54174146,132998,Acropora samoensis,ID,Indonesia,Extant,Native,,
54174146,132998,Acropora samoensis,PN,Pitcairn,Extant,Native,,
54174146,132998,Acropora samoensis,VN,Viet Nam,Extant,Native,,
54174146,132998,Acropora samoensis,SD,Sudan,Extant,Native,,
54174146,132998,Acropora samoensis,SC,Seychelles,Extant,Native,,
54174146,132998,Acropora samoensis,MG,Madagascar,Extant,Native,,
54174146,132998,Acropora samoensis,RE,Réunion,Extant,Native,,
54174146,132998,Acropora samoensis,WS,Samoa,Extant,Native,,
54174146,132998,Acropora samoensis,SG,Singapore,Extant,Native,,
54174146,132998,Acropora samoensis,KI,Kiribati,Extant,Native,,
54174146,132998,Acropora samoensis,MM,Myanmar,Extant,Native,,
54174146,132998,Acropora samoensis,YE,Yemen,Extant,Native,,
54174146,132998,Acropora samoensis,IO,British Indian Ocean Territory,Extant,Native,,
54174146,132998,Acropora samoensis,NR,Nauru,Extant,Native,,
54174146,132998,Acropora samoensis,TO,Tonga,Extant,Native,,
54174146,132998,Acropora samoensis,AU,Australia,Extant,Native,,
54174146,132998,Acropora samoensis,IN,India,Extant,Native,,
54174146,132998,Acropora samoensis,KH,Cambodia,Extant,Native,,
54174146,132998,Acropora samoensis,VU,Vanuatu,Extant,Native,,
54174146,132998,Acropora samoensis,FM,"Micronesia, Federated States of ",Extant,Native,,
54174146,132998,Acropora samoensis,FJ,Fiji,Extant,Native,,
54174146,132998,Acropora samoensis,MY,Malaysia,Extant,Native,,
54174146,132998,Acropora samoensis,KM,Comoros,Extant,Native,,
54174146,132998,Acropora samoensis,CK,Cook Islands,Extant,Native,,
54174146,132998,Acropora samoensis,WF,Wallis and Futuna,Extant,Native,,
54174146,132998,Acropora samoensis,MV,Maldives,Extant,Native,,
54174146,132998,Acropora samoensis,PG,Papua New Guinea,Extant,Native,,
54174146,132998,Acropora samoensis,MU,Mauritius,Extant,Native,,
54174146,132998,Acropora samoensis,PF,French Polynesia,Extant,Native,,
54174146,132998,Acropora samoensis,AS,American Samoa,Extant,Native,,
54174146,132998,Acropora samoensis,PH,Philippines,Extant,Native,,
54174146,132998,Acropora samoensis,SA,Saudi Arabia,Extant,Native,,
54174146,132998,Acropora samoensis,SB,Solomon Islands,Extant,Native,,
54174146,132998,Acropora samoensis,IL,Israel,Extant,Native,,
54174146,132998,Acropora samoensis,CL,Chile,Extant,Native,,
54174146,132998,Acropora samoensis,MZ,Mozambique,Extant,Native,,
54174146,132998,Acropora samoensis,UM,United States Minor Outlying Islands,Extant,Native,,
54174146,132998,Acropora samoensis,LK,Sri Lanka,Extant,Native,,
54174146,132998,Acropora samoensis,TW,"Taiwan, Province of China",Extant,Native,,
54174146,132998,Acropora samoensis,MP,Northern Mariana Islands,Extant,Native,,
54174146,132998,Acropora samoensis,TV,Tuvalu,Extant,Native,,
54174146,132998,Acropora samoensis,JP,Japan,Extant,Native,,
54174146,132998,Acropora samoensis,ER,Eritrea,Extant,Native,,
54174146,132998,Acropora samoensis,PW,Palau,Extant,Native,,
54174146,132998,Acropora samoensis,JO,Jordan,Extant,Native,,
54174146,132998,Acropora samoensis,TK,Tokelau,Extant,Native,,
54174146,132998,Acropora samoensis,GU,Guam,Extant,Native,,
54177921,133021,Acropora microphthalma,TZ,"Tanzania, United Republic of",Extant,Native,,
54177921,133021,Acropora microphthalma,NC,New Caledonia,Extant,Native,,
54177921,133021,Acropora microphthalma,JP,Japan,Extant,Native,,
54177921,133021,Acropora microphthalma,YT,Mayotte,Extant,Native,,
54177921,133021,Acropora microphthalma,TV,Tuvalu,Extant,Native,,
54177921,133021,Acropora microphthalma,TK,Tokelau,Extant,Native,,
54177921,133021,Acropora microphthalma,WF,Wallis and Futuna,Extant,Native,,
54177921,133021,Acropora microphthalma,TW,"Taiwan, Province of China",Extant,Native,,
54177921,133021,Acropora microphthalma,JO,Jordan,Extant,Native,,
54177921,133021,Acropora microphthalma,SB,Solomon Islands,Extant,Native,,
54177921,133021,Acropora microphthalma,MH,Marshall Islands,Extant,Native,,
54177921,133021,Acropora microphthalma,SD,Sudan,Extant,Native,,
54177921,133021,Acropora microphthalma,KE,Kenya,Extant,Native,,
54177921,133021,Acropora microphthalma,VU,Vanuatu,Extant,Native,,
54177921,133021,Acropora microphthalma,SC,Seychelles,Extant,Native,,
54177921,133021,Acropora microphthalma,CX,Christmas Island,Extant,Native,,
54177921,133021,Acropora microphthalma,ZA,South Africa,Extant,Native,,
54177921,133021,Acropora microphthalma,WS,Samoa,Extant,Native,,
54177921,133021,Acropora microphthalma,RE,Réunion,Extant,Native,,
54177921,133021,Acropora microphthalma,SG,Singapore,Extant,Native,,
54177921,133021,Acropora microphthalma,IO,British Indian Ocean Territory,Extant,Native,,
54177921,133021,Acropora microphthalma,PW,Palau,Extant,Native,,
54177921,133021,Acropora microphthalma,ER,Eritrea,Extant,Native,,
54177921,133021,Acropora microphthalma,EG,Egypt,Extant,Native,,
54177921,133021,Acropora microphthalma,AU,Australia,Extant,Native,,
54177921,133021,Acropora microphthalma,MM,Myanmar,Extant,Native,,
54177921,133021,Acropora microphthalma,PH,Philippines,Extant,Native,,
54177921,133021,Acropora microphthalma,YE,Yemen,Extant,Native,,
54177921,133021,Acropora microphthalma,PN,Pitcairn,Extant,Native,,
54177921,133021,Acropora microphthalma,MP,Northern Mariana Islands,Extant,Native,,
54177921,133021,Acropora microphthalma,SO,Somalia,Extant,Native,,
54177921,133021,Acropora microphthalma,MY,Malaysia,Extant,Native,,
54177921,133021,Acropora microphthalma,IN,India,Extant,Native,,
54177921,133021,Acropora microphthalma,KM,Comoros,Extant,Native,,
54177921,133021,Acropora microphthalma,VN,Viet Nam,Extant,Native,,
54177921,133021,Acropora microphthalma,FJ,Fiji,Extant,Native,,
54177921,133021,Acropora microphthalma,MG,Madagascar,Extant,Native,,
54177921,133021,Acropora microphthalma,CL,Chile,Extant,Native,,
54177921,133021,Acropora microphthalma,FM,"Micronesia, Federated States of ",Extant,Native,,
54177921,133021,Acropora microphthalma,KI,Kiribati,Extant,Native,,
54177921,133021,Acropora microphthalma,MU,Mauritius,Extant,Native,,
54177921,133021,Acropora microphthalma,SA,Saudi Arabia,Extant,Native,,
54177921,133021,Acropora microphthalma,CK,Cook Islands,Extant,Native,,
54177921,133021,Acropora microphthalma,NR,Nauru,Extant,Native,,
54177921,133021,Acropora microphthalma,ID,Indonesia,Extant,Native,,
54177921,133021,Acropora microphthalma,OM,Oman,Extant,Native,,
54177921,133021,Acropora microphthalma,DJ,Djibouti,Extant,Native,,
54177921,133021,Acropora microphthalma,PG,Papua New Guinea,Extant,Native,,
54177921,133021,Acropora microphthalma,LK,Sri Lanka,Extant,Native,,
54177921,133021,Acropora microphthalma,UM,United States Minor Outlying Islands,Extant,Native,,
54177921,133021,Acropora microphthalma,NU,Niue,Extant,Native,,
54177921,133021,Acropora microphthalma,MZ,Mozambique,Extant,Native,,
54177921,133021,Acropora microphthalma,PF,French Polynesia,Extant,Native,,
54177921,133021,Acropora microphthalma,AS,American Samoa,Extant,Native,,
54177921,133021,Acropora microphthalma,TH,Thailand,Extant,Native,,
54177921,133021,Acropora microphthalma,IL,Israel,Extant,Native,,
54177921,133021,Acropora microphthalma,CC,Cocos (Keeling) Islands,Extant,Native,,
54177921,133021,Acropora microphthalma,TO,Tonga,Extant,Native,,
54177921,133021,Acropora microphthalma,GU,Guam,Extant,Native,,
54181084,133029,Favia rotumana,VU,Vanuatu,Extant,Native,,
54181084,133029,Favia rotumana,NU,Niue,Extant,Native,,
54181084,133029,Favia rotumana,SA,Saudi Arabia,Extant,Native,,
54181084,133029,Favia rotumana,NR,Nauru,Extant,Native,,
54181084,133029,Favia rotumana,CL,Chile,Extant,Native,,
54181084,133029,Favia rotumana,TH,Thailand,Extant,Native,,
54181084,133029,Favia rotumana,ZA,South Africa,Extant,Native,,
54181084,133029,Favia rotumana,SB,Solomon Islands,Extant,Native,,
54181084,133029,Favia rotumana,RE,Réunion,Extant,Native,,
54181084,133029,Favia rotumana,TO,Tonga,Extant,Native,,
54181084,133029,Favia rotumana,VN,Viet Nam,Extant,Native,,
54181084,133029,Favia rotumana,BH,Bahrain,Extant,Native,,
54181084,133029,Favia rotumana,MG,Madagascar,Extant,Native,,
54181084,133029,Favia rotumana,KI,Kiribati,Extant,Native,,
54181084,133029,Favia rotumana,MH,Marshall Islands,Extant,Native,,
54181084,133029,Favia rotumana,OM,Oman,Extant,Native,,
54181084,133029,Favia rotumana,IQ,Iraq,Extant,Native,,
54181084,133029,Favia rotumana,MP,Northern Mariana Islands,Extant,Native,,
54181084,133029,Favia rotumana,MM,Myanmar,Extant,Native,,
54181084,133029,Favia rotumana,YT,Mayotte,Extant,Native,,
54181084,133029,Favia rotumana,YE,Yemen,Extant,Native,,
54181084,133029,Favia rotumana,TZ,"Tanzania, United Republic of",Extant,Native,,
54181084,133029,Favia rotumana,EG,Egypt,Extant,Native,,
54181084,133029,Favia rotumana,IR,"Iran, Islamic Republic of",Extant,Native,,
54181084,133029,Favia rotumana,SD,Sudan,Extant,Native,,
54181084,133029,Favia rotumana,PN,Pitcairn,Extant,Native,,
54181084,133029,Favia rotumana,KE,Kenya,Extant,Native,,
54181084,133029,Favia rotumana,MV,Maldives,Extant,Native,,
54181084,133029,Favia rotumana,DJ,Djibouti,Extant,Native,,
54181084,133029,Favia rotumana,KH,Cambodia,Extant,Native,,
54181084,133029,Favia rotumana,AS,American Samoa,Extant,Native,,
54181084,133029,Favia rotumana,SG,Singapore,Extant,Native,,
54181084,133029,Favia rotumana,FM,"Micronesia, Federated States of ",Extant,Native,,
54181084,133029,Favia rotumana,WS,Samoa,Extant,Native,,
54181084,133029,Favia rotumana,MU,Mauritius,Extant,Native,,
54181084,133029,Favia rotumana,KM,Comoros,Extant,Native,,
54181084,133029,Favia rotumana,IL,Israel,Extant,Native,,
54181084,133029,Favia rotumana,FJ,Fiji,Extant,Native,,
54181084,133029,Favia rotumana,UM,United States Minor Outlying Islands,Extant,Native,,
54181084,133029,Favia rotumana,ID,Indonesia,Extant,Native,,
54181084,133029,Favia rotumana,SO,Somalia,Extant,Native,,
54181084,133029,Favia rotumana,KW,Kuwait,Extant,Native,,
54181084,133029,Favia rotumana,PW,Palau,Extant,Native,,
54181084,133029,Favia rotumana,AE,United Arab Emirates,Extant,Native,,
54181084,133029,Favia rotumana,SC,Seychelles,Extant,Native,,
54181084,133029,Favia rotumana,ER,Eritrea,Extant,Native,,
54181084,133029,Favia rotumana,NF,Norfolk Island,Extant,Native,,
54181084,133029,Favia rotumana,JO,Jordan,Extant,Native,,
54181084,133029,Favia rotumana,MZ,Mozambique,Extant,Native,,
54181084,133029,Favia rotumana,CK,Cook Islands,Extant,Native,,
54181084,133029,Favia rotumana,CN,China,Extant,Native,,
54181084,133029,Favia rotumana,MY,Malaysia,Extant,Native,,
54181084,133029,Favia rotumana,JP,Japan,Extant,Native,,
54181084,133029,Favia rotumana,PG,Papua New Guinea,Extant,Native,,
54181084,133029,Favia rotumana,IN,India,Extant,Native,,
54181084,133029,Favia rotumana,TK,Tokelau,Extant,Native,,
54181084,133029,Favia rotumana,TW,"Taiwan, Province of China",Extant,Native,,
54181084,133029,Favia rotumana,QA,Qatar,Extant,Native,,
54181084,133029,Favia rotumana,PF,French Polynesia,Extant,Native,,
54181084,133029,Favia rotumana,IO,British Indian Ocean Territory,Extant,Native,,
54181084,133029,Favia rotumana,NC,New Caledonia,Extant,Native,,
54181084,133029,Favia rotumana,LK,Sri Lanka,Extant,Native,,
54181084,133029,Favia rotumana,WF,Wallis and Futuna,Extant,Native,,
54181084,133029,Favia rotumana,TV,Tuvalu,Extant,Native,,
54181084,133029,Favia rotumana,AU,Australia,Extant,Native,,
54181084,133029,Favia rotumana,PH,Philippines,Extant,Native,,
54181084,133029,Favia rotumana,GU,Guam,Extant,Native,,
54194183,133090,Leptastrea purpurea,IN,India,Extant,Native,,
54194183,133090,Leptastrea purpurea,JP,Japan,Extant,Native,,
54194183,133090,Leptastrea purpurea,SA,Saudi Arabia,Extant,Native,,
54194183,133090,Leptastrea purpurea,JO,Jordan,Extant,Native,,
54194183,133090,Leptastrea purpurea,MY,Malaysia,Extant,Native,,
54194183,133090,Leptastrea purpurea,CK,Cook Islands,Extant,Native,,
54194183,133090,Leptastrea purpurea,IO,British Indian Ocean Territory,Extant,Native,,
54194183,133090,Leptastrea purpurea,CN,China,Extant,Native,,
54194183,133090,Leptastrea purpurea,QA,Qatar,Extant,Native,,
54194183,133090,Leptastrea purpurea,TK,Tokelau,Extant,Native,,
54194183,133090,Leptastrea purpurea,VU,Vanuatu,Extant,Native,,
54194183,133090,Leptastrea purpurea,TH,Thailand,Extant,Native,,
54194183,133090,Leptastrea purpurea,TO,Tonga,Extant,Native,,
54194183,133090,Leptastrea purpurea,ZA,South Africa,Extant,Native,,
54194183,133090,Leptastrea purpurea,NU,Niue,Extant,Native,,
54194183,133090,Leptastrea purpurea,SB,Solomon Islands,Extant,Native,,
54194183,133090,Leptastrea purpurea,CL,Chile,Extant,Native,,
54194183,133090,Leptastrea purpurea,UM,United States Minor Outlying Islands,Extant,Native,,
54194183,133090,Leptastrea purpurea,KI,Kiribati,Extant,Native,,
54194183,133090,Leptastrea purpurea,IL,Israel,Extant,Native,,
54194183,133090,Leptastrea purpurea,WS,Samoa,Extant,Native,,
54194183,133090,Leptastrea purpurea,ER,Eritrea,Extant,Native,,
54194183,133090,Leptastrea purpurea,NR,Nauru,Extant,Native,,
54194183,133090,Leptastrea purpurea,AE,United Arab Emirates,Extant,Native,,
54194183,133090,Leptastrea purpurea,SG,Singapore,Extant,Native,,
54194183,133090,Leptastrea purpurea,OM,Oman,Extant,Native,,
54194183,133090,Leptastrea purpurea,RE,Réunion,Extant,Native,,
54194183,133090,Leptastrea purpurea,LK,Sri Lanka,Extant,Native,,
54194183,133090,Leptastrea purpurea,MG,Madagascar,Extant,Native,,
54194183,133090,Leptastrea purpurea,PK,Pakistan,Extant,Native,,
54194183,133090,Leptastrea purpurea,KE,Kenya,Extant,Native,,
54194183,133090,Leptastrea purpurea,WF,Wallis and Futuna,Extant,Native,,
54194183,133090,Leptastrea purpurea,DJ,Djibouti,Extant,Native,,
54194183,133090,Leptastrea purpurea,PH,Philippines,Extant,Native,,
54194183,133090,Leptastrea purpurea,MH,Marshall Islands,Extant,Native,,
54194183,133090,Leptastrea purpurea,SC,Seychelles,Extant,Native,,
54194183,133090,Leptastrea purpurea,ID,Indonesia,Extant,Native,,
54194183,133090,Leptastrea purpurea,PN,Pitcairn,Extant,Native,,
54194183,133090,Leptastrea purpurea,SD,Sudan,Extant,Native,,
54194183,133090,Leptastrea purpurea,PG,Papua New Guinea,Extant,Native,,
54194183,133090,Leptastrea purpurea,VN,Viet Nam,Extant,Native,,
54194183,133090,Leptastrea purpurea,PF,French Polynesia,Extant,Native,,
54194183,133090,Leptastrea purpurea,PW,Palau,Extant,Native,,
54194183,133090,Leptastrea purpurea,BH,Bahrain,Extant,Native,,
54194183,133090,Leptastrea purpurea,FJ,Fiji,Extant,Native,,
54194183,133090,Leptastrea purpurea,MU,Mauritius,Extant,Native,,
54194183,133090,Leptastrea purpurea,SO,Somalia,Extant,Native,,
54194183,133090,Leptastrea purpurea,KW,Kuwait,Extant,Native,,
54194183,133090,Leptastrea purpurea,MV,Maldives,Extant,Native,,
54194183,133090,Leptastrea purpurea,FM,"Micronesia, Federated States of ",Extant,Native,,
54194183,133090,Leptastrea purpurea,KH,Cambodia,Extant,Native,,
54194183,133090,Leptastrea purpurea,AS,American Samoa,Extant,Native,,
54194183,133090,Leptastrea purpurea,KM,Comoros,Extant,Native,,
54194183,133090,Leptastrea purpurea,IQ,Iraq,Extant,Native,,
54194183,133090,Leptastrea purpurea,TV,Tuvalu,Extant,Native,,
54194183,133090,Leptastrea purpurea,TW,"Taiwan, Province of China",Extant,Native,,
54194183,133090,Leptastrea purpurea,IR,"Iran, Islamic Republic of",Extant,Native,,
54194183,133090,Leptastrea purpurea,NC,New Caledonia,Extant,Native,,
54194183,133090,Leptastrea purpurea,AU,Australia,Extant,Native,,
54194183,133090,Leptastrea purpurea,YT,Mayotte,Extant,Native,,
54194183,133090,Leptastrea purpurea,YE,Yemen,Extant,Native,,
54194183,133090,Leptastrea purpurea,MP,Northern Mariana Islands,Extant,Native,,
54194183,133090,Leptastrea purpurea,TZ,"Tanzania, United Republic of",Extant,Native,,
54194183,133090,Leptastrea purpurea,EG,Egypt,Extant,Native,,
54194183,133090,Leptastrea purpurea,MM,Myanmar,Extant,Native,,
54194183,133090,Leptastrea purpurea,MZ,Mozambique,Extant,Native,,
54194183,133090,Leptastrea purpurea,GU,Guam,Extant,Native,,
54216304,133220,Montipora caliculata,VN,Viet Nam,Extant,Native,,
54216304,133220,Montipora caliculata,SO,Somalia,Extant,Native,,
54216304,133220,Montipora caliculata,SG,Singapore,Extant,Native,,
54216304,133220,Montipora caliculata,SB,Solomon Islands,Extant,Native,,
54216304,133220,Montipora caliculata,MZ,Mozambique,Extant,Native,,
54216304,133220,Montipora caliculata,PN,Pitcairn,Extant,Native,,
54216304,133220,Montipora caliculata,TV,Tuvalu,Extant,Native,,
54216304,133220,Montipora caliculata,TK,Tokelau,Extant,Native,,
54216304,133220,Montipora caliculata,CK,Cook Islands,Extant,Native,,
54216304,133220,Montipora caliculata,MY,Malaysia,Extant,Native,,
54216304,133220,Montipora caliculata,TH,Thailand,Extant,Native,,
54216304,133220,Montipora caliculata,IN,India,Extant,Native,,
54216304,133220,Montipora caliculata,PW,Palau,Extant,Native,,
54216304,133220,Montipora caliculata,FJ,Fiji,Extant,Native,,
54216304,133220,Montipora caliculata,JP,Japan,Extant,Native,,
54216304,133220,Montipora caliculata,AU,Australia,Extant,Native,,
54216304,133220,Montipora caliculata,NC,New Caledonia,Extant,Native,,
54216304,133220,Montipora caliculata,ID,Indonesia,Extant,Native,,
54216304,133220,Montipora caliculata,TW,"Taiwan, Province of China",Extant,Native,,
54216304,133220,Montipora caliculata,NU,Niue,Extant,Native,,
54216304,133220,Montipora caliculata,PH,Philippines,Extant,Native,,
54216304,133220,Montipora caliculata,UM,United States Minor Outlying Islands,Extant,Native,,
54216304,133220,Montipora caliculata,TO,Tonga,Extant,Native,,
54216304,133220,Montipora caliculata,MU,Mauritius,Extant,Native,,
54216304,133220,Montipora caliculata,WF,Wallis and Futuna,Extant,Native,,
54216304,133220,Montipora caliculata,MG,Madagascar,Extant,Native,,
54216304,133220,Montipora caliculata,PF,French Polynesia,Extant,Native,,
54216304,133220,Montipora caliculata,WS,Samoa,Extant,Native,,
54216304,133220,Montipora caliculata,NR,Nauru,Extant,Native,,
54216304,133220,Montipora caliculata,AS,American Samoa,Extant,Native,,
54216304,133220,Montipora caliculata,KI,Kiribati,Extant,Native,,
54216304,133220,Montipora caliculata,PG,Papua New Guinea,Extant,Native,,
54216304,133220,Montipora caliculata,FM,"Micronesia, Federated States of ",Extant,Native,,
54216304,133220,Montipora caliculata,KE,Kenya,Extant,Native,,
54216304,133220,Montipora caliculata,TZ,"Tanzania, United Republic of",Extant,Native,,
54216304,133220,Montipora caliculata,MH,Marshall Islands,Extant,Native,,
54216304,133220,Montipora caliculata,CL,Chile,Extant,Native,,
54216304,133220,Montipora caliculata,MP,Northern Mariana Islands,Extant,Native,,
54216304,133220,Montipora caliculata,MM,Myanmar,Extant,Native,,
54216304,133220,Montipora caliculata,VU,Vanuatu,Extant,Native,,
54216304,133220,Montipora caliculata,KH,Cambodia,Extant,Native,,
54216304,133220,Montipora caliculata,GU,Guam,Extant,Native,,
54219368,133239,Acropora nasuta,TZ,"Tanzania, United Republic of",Extant,Native,,
54219368,133239,Acropora nasuta,MP,Northern Mariana Islands,Extant,Native,,
54219368,133239,Acropora nasuta,YE,Yemen,Extant,Native,,
54219368,133239,Acropora nasuta,YT,Mayotte,Extant,Native,,
54219368,133239,Acropora nasuta,EG,Egypt,Extant,Native,,
54219368,133239,Acropora nasuta,MM,Myanmar,Extant,Native,,
54219368,133239,Acropora nasuta,IR,"Iran, Islamic Republic of",Extant,Native,,
54219368,133239,Acropora nasuta,TW,"Taiwan, Province of China",Extant,Native,,
54219368,133239,Acropora nasuta,TV,Tuvalu,Extant,Native,,
54219368,133239,Acropora nasuta,IQ,Iraq,Extant,Native,,
54219368,133239,Acropora nasuta,NC,New Caledonia,Extant,Native,,
54219368,133239,Acropora nasuta,AU,Australia,Extant,Native,,
54219368,133239,Acropora nasuta,MU,Mauritius,Extant,Native,,
54219368,133239,Acropora nasuta,SO,Somalia,Extant,Native,,
54219368,133239,Acropora nasuta,KW,Kuwait,Extant,Native,,
54219368,133239,Acropora nasuta,OM,Oman,Extant,Native,,
54219368,133239,Acropora nasuta,LK,Sri Lanka,Extant,Native,,
54219368,133239,Acropora nasuta,NR,Nauru,Extant,Native,,
54219368,133239,Acropora nasuta,KI,Kiribati,Extant,Native,,
54219368,133239,Acropora nasuta,ID,Indonesia,Extant,Native,,
54219368,133239,Acropora nasuta,PN,Pitcairn,Extant,Native,,
54219368,133239,Acropora nasuta,BH,Bahrain,Extant,Native,,
54219368,133239,Acropora nasuta,PH,Philippines,Extant,Native,,
54219368,133239,Acropora nasuta,MH,Marshall Islands,Extant,Native,,
54219368,133239,Acropora nasuta,MY,Malaysia,Extant,Native,,
54219368,133239,Acropora nasuta,TO,Tonga,Extant,Native,,
54219368,133239,Acropora nasuta,IN,India,Extant,Native,,
54219368,133239,Acropora nasuta,MZ,Mozambique,Extant,Native,,
54219368,133239,Acropora nasuta,SA,Saudi Arabia,Extant,Native,,
54219368,133239,Acropora nasuta,TK,Tokelau,Extant,Native,,
54219368,133239,Acropora nasuta,JP,Japan,Extant,Native,,
54219368,133239,Acropora nasuta,VU,Vanuatu,Extant,Native,,
54219368,133239,Acropora nasuta,SB,Solomon Islands,Extant,Native,,
54219368,133239,Acropora nasuta,JO,Jordan,Extant,Native,,
54219368,133239,Acropora nasuta,CL,Chile,Extant,Native,,
54219368,133239,Acropora nasuta,ZA,South Africa,Extant,Native,,
54219368,133239,Acropora nasuta,NU,Niue,Extant,Native,,
54219368,133239,Acropora nasuta,IO,British Indian Ocean Territory,Extant,Native,,
54219368,133239,Acropora nasuta,QA,Qatar,Extant,Native,,
54219368,133239,Acropora nasuta,TH,Thailand,Extant,Native,,
54219368,133239,Acropora nasuta,WF,Wallis and Futuna,Extant,Native,,
54219368,133239,Acropora nasuta,DJ,Djibouti,Extant,Native,,
54219368,133239,Acropora nasuta,KH,Cambodia,Extant,Native,,
54219368,133239,Acropora nasuta,RE,Réunion,Extant,Native,,
54219368,133239,Acropora nasuta,PF,French Polynesia,Extant,Native,,
54219368,133239,Acropora nasuta,FM,"Micronesia, Federated States of ",Extant,Native,,
54219368,133239,Acropora nasuta,CK,Cook Islands,Extant,Native,,
54219368,133239,Acropora nasuta,VN,Viet Nam,Extant,Native,,
54219368,133239,Acropora nasuta,PG,Papua New Guinea,Extant,Native,,
54219368,133239,Acropora nasuta,FJ,Fiji,Extant,Native,,
54219368,133239,Acropora nasuta,MG,Madagascar,Extant,Native,,
54219368,133239,Acropora nasuta,PW,Palau,Extant,Native,,
54219368,133239,Acropora nasuta,UM,United States Minor Outlying Islands,Extant,Native,,
54219368,133239,Acropora nasuta,SC,Seychelles,Extant,Native,,
54219368,133239,Acropora nasuta,IL,Israel,Extant,Native,,
54219368,133239,Acropora nasuta,WS,Samoa,Extant,Native,,
54219368,133239,Acropora nasuta,SD,Sudan,Extant,Native,,
54219368,133239,Acropora nasuta,ER,Eritrea,Extant,Native,,
54219368,133239,Acropora nasuta,KE,Kenya,Extant,Native,,
54219368,133239,Acropora nasuta,SG,Singapore,Extant,Native,,
54219368,133239,Acropora nasuta,AE,United Arab Emirates,Extant,Native,,
54219368,133239,Acropora nasuta,KM,Comoros,Extant,Native,,
54219368,133239,Acropora nasuta,AS,American Samoa,Extant,Native,,
54219368,133239,Acropora nasuta,MV,Maldives,Extant,Native,,
54219368,133239,Acropora nasuta,GU,Guam,Extant,Native,,
54222944,133248,Acropora robusta,NU,Niue,Extant,Native,,
54222944,133248,Acropora robusta,IO,British Indian Ocean Territory,Extant,Native,,
54222944,133248,Acropora robusta,MM,Myanmar,Extant,Native,,
54222944,133248,Acropora robusta,NR,Nauru,Extant,Native,,
54222944,133248,Acropora robusta,KI,Kiribati,Extant,Native,,
54222944,133248,Acropora robusta,AU,Australia,Extant,Native,,
54222944,133248,Acropora robusta,FJ,Fiji,Extant,Native,,
54222944,133248,Acropora robusta,VU,Vanuatu,Extant,Native,,
54222944,133248,Acropora robusta,RE,Réunion,Extant,Native,,
54222944,133248,Acropora robusta,PN,Pitcairn,Extant,Native,,
54222944,133248,Acropora robusta,MU,Mauritius,Extant,Native,,
54222944,133248,Acropora robusta,NC,New Caledonia,Extant,Native,,
54222944,133248,Acropora robusta,MZ,Mozambique,Extant,Native,,
54222944,133248,Acropora robusta,UM,United States Minor Outlying Islands,Extant,Native,,
54222944,133248,Acropora robusta,MH,Marshall Islands,Extant,Native,,
54222944,133248,Acropora robusta,SD,Sudan,Extant,Native,,
54222944,133248,Acropora robusta,KE,Kenya,Extant,Native,,
54222944,133248,Acropora robusta,CC,Cocos (Keeling) Islands,Extant,Native,,
54222944,133248,Acropora robusta,MG,Madagascar,Extant,Native,,
54222944,133248,Acropora robusta,VN,Viet Nam,Extant,Native,,
54222944,133248,Acropora robusta,WF,Wallis and Futuna,Extant,Native,,
54222944,133248,Acropora robusta,PF,French Polynesia,Extant,Native,,
54222944,133248,Acropora robusta,SG,Singapore,Extant,Native,,
54222944,133248,Acropora robusta,ID,Indonesia,Extant,Native,,
54222944,133248,Acropora robusta,LK,Sri Lanka,Extant,Native,,
54222944,133248,Acropora robusta,KM,Comoros,Extant,Native,,
54222944,133248,Acropora robusta,DJ,Djibouti,Extant,Native,,
54222944,133248,Acropora robusta,PG,Papua New Guinea,Extant,Native,,
54222944,133248,Acropora robusta,CX,Christmas Island,Extant,Native,,
54222944,133248,Acropora robusta,CK,Cook Islands,Extant,Native,,
54222944,133248,Acropora robusta,WS,Samoa,Extant,Native,,
54222944,133248,Acropora robusta,MV,Maldives,Extant,Native,,
54222944,133248,Acropora robusta,SC,Seychelles,Extant,Native,,
54222944,133248,Acropora robusta,YT,Mayotte,Extant,Native,,
54222944,133248,Acropora robusta,SA,Saudi Arabia,Extant,Native,,
54222944,133248,Acropora robusta,PH,Philippines,Extant,Native,,
54222944,133248,Acropora robusta,AS,American Samoa,Extant,Native,,
54222944,133248,Acropora robusta,CL,Chile,Extant,Native,,
54222944,133248,Acropora robusta,SB,Solomon Islands,Extant,Native,,
54222944,133248,Acropora robusta,SO,Somalia,Extant,Native,,
54222944,133248,Acropora robusta,IL,Israel,Extant,Native,,
54222944,133248,Acropora robusta,TO,Tonga,Extant,Native,,
54222944,133248,Acropora robusta,MP,Northern Mariana Islands,Extant,Native,,
54222944,133248,Acropora robusta,TH,Thailand,Extant,Native,,
54222944,133248,Acropora robusta,PW,Palau,Extant,Native,,
54222944,133248,Acropora robusta,YE,Yemen,Extant,Native,,
54222944,133248,Acropora robusta,TK,Tokelau,Extant,Native,,
54222944,133248,Acropora robusta,JO,Jordan,Extant,Native,,
54222944,133248,Acropora robusta,JP,Japan,Extant,Native,,
54222944,133248,Acropora robusta,TZ,"Tanzania, United Republic of",Extant,Native,,
54222944,133248,Acropora robusta,ER,Eritrea,Extant,Native,,
54222944,133248,Acropora robusta,TV,Tuvalu,Extant,Native,,
54222944,133248,Acropora robusta,TW,"Taiwan, Province of China",Extant,Native,,
54222944,133248,Acropora robusta,EG,Egypt,Extant,Native,,
54222944,133248,Acropora robusta,FM,"Micronesia, Federated States of ",Extant,Native,,
54222944,133248,Acropora robusta,MY,Malaysia,Extant,Native,,
54222944,133248,Acropora robusta,IN,India,Extant,Native,,
54222944,133248,Acropora robusta,KH,Cambodia,Extant,Native,,
54222944,133248,Acropora robusta,GU,Guam,Extant,Native,,
54227968,133284,Plesiastrea versipora,IR,"Iran, Islamic Republic of",Extant,Native,,
54227968,133284,Plesiastrea versipora,NC,New Caledonia,Extant,Native,,
54227968,133284,Plesiastrea versipora,TW,"Taiwan, Province of China",Extant,Native,,
54227968,133284,Plesiastrea versipora,MM,Myanmar,Extant,Native,,
54227968,133284,Plesiastrea versipora,CL,Chile,Extant,Native,,
54227968,133284,Plesiastrea versipora,TV,Tuvalu,Extant,Native,,
54227968,133284,Plesiastrea versipora,YE,Yemen,Extant,Native,,
54227968,133284,Plesiastrea versipora,MP,Northern Mariana Islands,Extant,Native,,
54227968,133284,Plesiastrea versipora,JP,Japan,Extant,Native,,
54227968,133284,Plesiastrea versipora,NF,Norfolk Island,Extant,Native,,
54227968,133284,Plesiastrea versipora,JO,Jordan,Extant,Native,,
54227968,133284,Plesiastrea versipora,NZ,New Zealand,Extant,Native,,
54227968,133284,Plesiastrea versipora,SD,Sudan,Extant,Native,,
54227968,133284,Plesiastrea versipora,MZ,Mozambique,Extant,Native,,
54227968,133284,Plesiastrea versipora,UM,United States Minor Outlying Islands,Extant,Native,,
54227968,133284,Plesiastrea versipora,IN,India,Extant,Native,,
54227968,133284,Plesiastrea versipora,CN,China,Extant,Native,,
54227968,133284,Plesiastrea versipora,PW,Palau,Extant,Native,,
54227968,133284,Plesiastrea versipora,AE,United Arab Emirates,Extant,Native,,
54227968,133284,Plesiastrea versipora,MY,Malaysia,Extant,Native,,
54227968,133284,Plesiastrea versipora,PF,French Polynesia,Extant,Native,,
54227968,133284,Plesiastrea versipora,KE,Kenya,Extant,Native,,
54227968,133284,Plesiastrea versipora,LK,Sri Lanka,Extant,Native,,
54227968,133284,Plesiastrea versipora,FM,"Micronesia, Federated States of ",Extant,Native,,
54227968,133284,Plesiastrea versipora,IL,Israel,Extant,Native,,
54227968,133284,Plesiastrea versipora,PK,Pakistan,Extant,Native,,
54227968,133284,Plesiastrea versipora,CX,Christmas Island,Extant,Native,,
54227968,133284,Plesiastrea versipora,VU,Vanuatu,Extant,Native,,
54227968,133284,Plesiastrea versipora,TO,Tonga,Extant,Native,,
54227968,133284,Plesiastrea versipora,SC,Seychelles,Extant,Native,,
54227968,133284,Plesiastrea versipora,TH,Thailand,Extant,Native,,
54227968,133284,Plesiastrea versipora,RE,Réunion,Extant,Native,,
54227968,133284,Plesiastrea versipora,ZA,South Africa,Extant,Native,,
54227968,133284,Plesiastrea versipora,KW,Kuwait,Extant,Native,,
54227968,133284,Plesiastrea versipora,NU,Niue,Extant,Native,,
54227968,133284,Plesiastrea versipora,MG,Madagascar,Extant,Native,,
54227968,133284,Plesiastrea versipora,MH,Marshall Islands,Extant,Native,,
54227968,133284,Plesiastrea versipora,SO,Somalia,Extant,Native,,
54227968,133284,Plesiastrea versipora,NR,Nauru,Extant,Native,,
54227968,133284,Plesiastrea versipora,SG,Singapore,Extant,Native,,
54227968,133284,Plesiastrea versipora,OM,Oman,Extant,Native,,
54227968,133284,Plesiastrea versipora,VN,Viet Nam,Extant,Native,,
54227968,133284,Plesiastrea versipora,KM,Comoros,Extant,Native,,
54227968,133284,Plesiastrea versipora,BH,Bahrain,Extant,Native,,
54227968,133284,Plesiastrea versipora,WS,Samoa,Extant,Native,,
54227968,133284,Plesiastrea versipora,TK,Tokelau,Extant,Native,,
54227968,133284,Plesiastrea versipora,AS,American Samoa,Extant,Native,,
54227968,133284,Plesiastrea versipora,CC,Cocos (Keeling) Islands,Extant,Native,,
54227968,133284,Plesiastrea versipora,MU,Mauritius,Extant,Native,,
54227968,133284,Plesiastrea versipora,PH,Philippines,Extant,Native,,
54227968,133284,Plesiastrea versipora,MV,Maldives,Extant,Native,,
54227968,133284,Plesiastrea versipora,WF,Wallis and Futuna,Extant,Native,,
54227968,133284,Plesiastrea versipora,KI,Kiribati,Extant,Native,,
54227968,133284,Plesiastrea versipora,ID,Indonesia,Extant,Native,,
54227968,133284,Plesiastrea versipora,FJ,Fiji,Extant,Native,,
54227968,133284,Plesiastrea versipora,PN,Pitcairn,Extant,Native,,
54227968,133284,Plesiastrea versipora,KH,Cambodia,Extant,Native,,
54227968,133284,Plesiastrea versipora,DJ,Djibouti,Extant,Native,,
54227968,133284,Plesiastrea versipora,IQ,Iraq,Extant,Native,,
54227968,133284,Plesiastrea versipora,CK,Cook Islands,Extant,Native,,
54227968,133284,Plesiastrea versipora,YT,Mayotte,Extant,Native,,
54227968,133284,Plesiastrea versipora,TZ,"Tanzania, United Republic of",Extant,Native,,
54227968,133284,Plesiastrea versipora,SA,Saudi Arabia,Extant,Native,,
54227968,133284,Plesiastrea versipora,AU,Australia,Extant,Native,,
54227968,133284,Plesiastrea versipora,EG,Egypt,Extant,Native,,
54227968,133284,Plesiastrea versipora,IO,British Indian Ocean Territory,Extant,Native,,
54227968,133284,Plesiastrea versipora,SB,Solomon Islands,Extant,Native,,
54227968,133284,Plesiastrea versipora,QA,Qatar,Extant,Native,,
54227968,133284,Plesiastrea versipora,PG,Papua New Guinea,Extant,Native,,
54227968,133284,Plesiastrea versipora,ER,Eritrea,Extant,Native,,
54227968,133284,Plesiastrea versipora,GU,Guam,Extant,Native,,
54230315,133292,Astreopora myriophthalma,EG,Egypt,Extant,Native,,
54230315,133292,Astreopora myriophthalma,PG,Papua New Guinea,Extant,Native,,
54230315,133292,Astreopora myriophthalma,ER,Eritrea,Extant,Native,,
54230315,133292,Astreopora myriophthalma,CK,Cook Islands,Extant,Native,,
54230315,133292,Astreopora myriophthalma,PF,French Polynesia,Extant,Native,,
54230315,133292,Astreopora myriophthalma,YT,Mayotte,Extant,Native,,
54230315,133292,Astreopora myriophthalma,TZ,"Tanzania, United Republic of",Extant,Native,,
54230315,133292,Astreopora myriophthalma,NC,New Caledonia,Extant,Native,,
54230315,133292,Astreopora myriophthalma,CC,Cocos (Keeling) Islands,Extant,Native,,
54230315,133292,Astreopora myriophthalma,LK,Sri Lanka,Extant,Native,,
54230315,133292,Astreopora myriophthalma,TV,Tuvalu,Extant,Native,,
54230315,133292,Astreopora myriophthalma,TW,"Taiwan, Province of China",Extant,Native,,
54230315,133292,Astreopora myriophthalma,WF,Wallis and Futuna,Extant,Native,,
54230315,133292,Astreopora myriophthalma,AS,American Samoa,Extant,Native,,
54230315,133292,Astreopora myriophthalma,SC,Seychelles,Extant,Native,,
54230315,133292,Astreopora myriophthalma,MV,Maldives,Extant,Native,,
54230315,133292,Astreopora myriophthalma,KI,Kiribati,Extant,Native,,
54230315,133292,Astreopora myriophthalma,ID,Indonesia,Extant,Native,,
54230315,133292,Astreopora myriophthalma,DJ,Djibouti,Extant,Native,,
54230315,133292,Astreopora myriophthalma,FJ,Fiji,Extant,Native,,
54230315,133292,Astreopora myriophthalma,IR,"Iran, Islamic Republic of",Extant,Native,,
54230315,133292,Astreopora myriophthalma,PH,Philippines,Extant,Native,,
54230315,133292,Astreopora myriophthalma,IQ,Iraq,Extant,Native,,
54230315,133292,Astreopora myriophthalma,JO,Jordan,Extant,Native,,
54230315,133292,Astreopora myriophthalma,AU,Australia,Extant,Native,,
54230315,133292,Astreopora myriophthalma,PN,Pitcairn,Extant,Native,,
54230315,133292,Astreopora myriophthalma,TK,Tokelau,Extant,Native,,
54230315,133292,Astreopora myriophthalma,JP,Japan,Extant,Native,,
54230315,133292,Astreopora myriophthalma,WS,Samoa,Extant,Native,,
54230315,133292,Astreopora myriophthalma,TO,Tonga,Extant,Native,,
54230315,133292,Astreopora myriophthalma,VU,Vanuatu,Extant,Native,,
54230315,133292,Astreopora myriophthalma,IN,India,Extant,Native,,
54230315,133292,Astreopora myriophthalma,SG,Singapore,Extant,Native,,
54230315,133292,Astreopora myriophthalma,TH,Thailand,Extant,Native,,
54230315,133292,Astreopora myriophthalma,NU,Niue,Extant,Native,,
54230315,133292,Astreopora myriophthalma,MY,Malaysia,Extant,Native,,
54230315,133292,Astreopora myriophthalma,KM,Comoros,Extant,Native,,
54230315,133292,Astreopora myriophthalma,QA,Qatar,Extant,Native,,
54230315,133292,Astreopora myriophthalma,KW,Kuwait,Extant,Native,,
54230315,133292,Astreopora myriophthalma,SO,Somalia,Extant,Native,,
54230315,133292,Astreopora myriophthalma,IO,British Indian Ocean Territory,Extant,Native,,
54230315,133292,Astreopora myriophthalma,FM,"Micronesia, Federated States of ",Extant,Native,,
54230315,133292,Astreopora myriophthalma,MM,Myanmar,Extant,Native,,
54230315,133292,Astreopora myriophthalma,KH,Cambodia,Extant,Native,,
54230315,133292,Astreopora myriophthalma,MH,Marshall Islands,Extant,Native,,
54230315,133292,Astreopora myriophthalma,YE,Yemen,Extant,Native,,
54230315,133292,Astreopora myriophthalma,OM,Oman,Extant,Native,,
54230315,133292,Astreopora myriophthalma,MP,Northern Mariana Islands,Extant,Native,,
54230315,133292,Astreopora myriophthalma,MG,Madagascar,Extant,Native,,
54230315,133292,Astreopora myriophthalma,PW,Palau,Extant,Native,,
54230315,133292,Astreopora myriophthalma,VN,Viet Nam,Extant,Native,,
54230315,133292,Astreopora myriophthalma,NR,Nauru,Extant,Native,,
54230315,133292,Astreopora myriophthalma,RE,Réunion,Extant,Native,,
54230315,133292,Astreopora myriophthalma,BH,Bahrain,Extant,Native,,
54230315,133292,Astreopora myriophthalma,AE,United Arab Emirates,Extant,Native,,
54230315,133292,Astreopora myriophthalma,CL,Chile,Extant,Native,,
54230315,133292,Astreopora myriophthalma,CX,Christmas Island,Extant,Native,,
54230315,133292,Astreopora myriophthalma,MZ,Mozambique,Extant,Native,,
54230315,133292,Astreopora myriophthalma,SA,Saudi Arabia,Extant,Native,,
54230315,133292,Astreopora myriophthalma,SB,Solomon Islands,Extant,Native,,
54230315,133292,Astreopora myriophthalma,IL,Israel,Extant,Native,,
54230315,133292,Astreopora myriophthalma,UM,United States Minor Outlying Islands,Extant,Native,,
54230315,133292,Astreopora myriophthalma,KE,Kenya,Extant,Native,,
54230315,133292,Astreopora myriophthalma,MU,Mauritius,Extant,Native,,
54230315,133292,Astreopora myriophthalma,SD,Sudan,Extant,Native,,
54230315,133292,Astreopora myriophthalma,GU,Guam,Extant,Native,,
54231035,133293,Acropora valida,YE,Yemen,Extant,Native,,
54231035,133293,Acropora valida,ER,Eritrea,Extant,Native,,
54231035,133293,Acropora valida,EG,Egypt,Extant,Native,,
54231035,133293,Acropora valida,SD,Sudan,Extant,Native,,
54231035,133293,Acropora valida,MP,Northern Mariana Islands,Extant,Native,,
54231035,133293,Acropora valida,TZ,"Tanzania, United Republic of",Extant,Native,,
54231035,133293,Acropora valida,IQ,Iraq,Extant,Native,,
54231035,133293,Acropora valida,NF,Norfolk Island,Extant,Native,,
54231035,133293,Acropora valida,AU,Australia,Extant,Native,,
54231035,133293,Acropora valida,PW,Palau,Extant,Native,,
54231035,133293,Acropora valida,MM,Myanmar,Extant,Native,,
54231035,133293,Acropora valida,AE,United Arab Emirates,Extant,Native,,
54231035,133293,Acropora valida,IR,"Iran, Islamic Republic of",Extant,Native,,
54231035,133293,Acropora valida,QA,Qatar,Extant,Native,,
54231035,133293,Acropora valida,SB,Solomon Islands,Extant,Native,,
54231035,133293,Acropora valida,TV,Tuvalu,Extant,Native,,
54231035,133293,Acropora valida,JP,Japan,Extant,Native,,
54231035,133293,Acropora valida,MY,Malaysia,Extant,Native,,
54231035,133293,Acropora valida,SA,Saudi Arabia,Extant,Native,,
54231035,133293,Acropora valida,JO,Jordan,Extant,Native,,
54231035,133293,Acropora valida,NU,Niue,Extant,Native,,
54231035,133293,Acropora valida,TO,Tonga,Extant,Native,,
54231035,133293,Acropora valida,VU,Vanuatu,Extant,Native,,
54231035,133293,Acropora valida,PH,Philippines,Extant,Native,,
54231035,133293,Acropora valida,RE,Réunion,Extant,Native,,
54231035,133293,Acropora valida,TH,Thailand,Extant,Native,,
54231035,133293,Acropora valida,WF,Wallis and Futuna,Extant,Native,,
54231035,133293,Acropora valida,SG,Singapore,Extant,Native,,
54231035,133293,Acropora valida,AS,American Samoa,Extant,Native,,
54231035,133293,Acropora valida,KM,Comoros,Extant,Native,,
54231035,133293,Acropora valida,KE,Kenya,Extant,Native,,
54231035,133293,Acropora valida,IL,Israel,Extant,Native,,
54231035,133293,Acropora valida,WS,Samoa,Extant,Native,,
54231035,133293,Acropora valida,KI,Kiribati,Extant,Native,,
54231035,133293,Acropora valida,DJ,Djibouti,Extant,Native,,
54231035,133293,Acropora valida,CX,Christmas Island,Extant,Native,,
54231035,133293,Acropora valida,MV,Maldives,Extant,Native,,
54231035,133293,Acropora valida,FJ,Fiji,Extant,Native,,
54231035,133293,Acropora valida,MH,Marshall Islands,Extant,Native,,
54231035,133293,Acropora valida,KH,Cambodia,Extant,Native,,
54231035,133293,Acropora valida,ID,Indonesia,Extant,Native,,
54231035,133293,Acropora valida,SC,Seychelles,Extant,Native,,
54231035,133293,Acropora valida,FM,"Micronesia, Federated States of ",Extant,Native,,
54231035,133293,Acropora valida,KW,Kuwait,Extant,Native,,
54231035,133293,Acropora valida,MU,Mauritius,Extant,Native,,
54231035,133293,Acropora valida,ZA,South Africa,Extant,Native,,
54231035,133293,Acropora valida,SO,Somalia,Extant,Native,,
54231035,133293,Acropora valida,PF,French Polynesia,Extant,Native,,
54231035,133293,Acropora valida,NR,Nauru,Extant,Native,,
54231035,133293,Acropora valida,MG,Madagascar,Extant,Native,,
54231035,133293,Acropora valida,LK,Sri Lanka,Extant,Native,,
54231035,133293,Acropora valida,PK,Pakistan,Extant,Native,,
54231035,133293,Acropora valida,OM,Oman,Extant,Native,,
54231035,133293,Acropora valida,VN,Viet Nam,Extant,Native,,
54231035,133293,Acropora valida,EC,Ecuador,Extant,Native,,
54231035,133293,Acropora valida,BH,Bahrain,Extant,Native,,
54231035,133293,Acropora valida,CC,Cocos (Keeling) Islands,Extant,Native,,
54231035,133293,Acropora valida,IN,India,Extant,Native,,
54231035,133293,Acropora valida,CO,Colombia,Extant,Native,,
54231035,133293,Acropora valida,TW,"Taiwan, Province of China",Extant,Native,,
54231035,133293,Acropora valida,PG,Papua New Guinea,Extant,Native,,
54231035,133293,Acropora valida,UM,United States Minor Outlying Islands,Extant,Native,,
54231035,133293,Acropora valida,NC,New Caledonia,Extant,Native,,
54231035,133293,Acropora valida,YT,Mayotte,Extant,Native,,
54231035,133293,Acropora valida,PA,Panama,Extant,Native,,
54231035,133293,Acropora valida,MZ,Mozambique,Extant,Native,,
54231035,133293,Acropora valida,IO,British Indian Ocean Territory,Extant,Native,,
54231035,133293,Acropora valida,CK,Cook Islands,Extant,Native,,
54231035,133293,Acropora valida,TK,Tokelau,Extant,Native,,
54231035,133293,Acropora valida,GU,Guam,Extant,Native,,
54232897,133303,Acropora lutkeni,IN,India,Extant,Native,,
54232897,133303,Acropora lutkeni,MP,Northern Mariana Islands,Extant,Native,,
54232897,133303,Acropora lutkeni,PN,Pitcairn,Extant,Native,,
54232897,133303,Acropora lutkeni,CL,Chile,Extant,Native,,
54232897,133303,Acropora lutkeni,VN,Viet Nam,Extant,Native,,
54232897,133303,Acropora lutkeni,MY,Malaysia,Extant,Native,,
54232897,133303,Acropora lutkeni,AU,Australia,Extant,Native,,
54232897,133303,Acropora lutkeni,RE,Réunion,Extant,Native,,
54232897,133303,Acropora lutkeni,VU,Vanuatu,Extant,Native,,
54232897,133303,Acropora lutkeni,IO,British Indian Ocean Territory,Extant,Native,,
54232897,133303,Acropora lutkeni,PW,Palau,Extant,Native,,
54232897,133303,Acropora lutkeni,WS,Samoa,Extant,Native,,
54232897,133303,Acropora lutkeni,PH,Philippines,Extant,Native,,
54232897,133303,Acropora lutkeni,NR,Nauru,Extant,Native,,
54232897,133303,Acropora lutkeni,WF,Wallis and Futuna,Extant,Native,,
54232897,133303,Acropora lutkeni,ID,Indonesia,Extant,Native,,
54232897,133303,Acropora lutkeni,KI,Kiribati,Extant,Native,,
54232897,133303,Acropora lutkeni,MU,Mauritius,Extant,Native,,
54232897,133303,Acropora lutkeni,NC,New Caledonia,Extant,Native,,
54232897,133303,Acropora lutkeni,FJ,Fiji,Extant,Native,,
54232897,133303,Acropora lutkeni,CK,Cook Islands,Extant,Native,,
54232897,133303,Acropora lutkeni,JP,Japan,Extant,Native,,
54232897,133303,Acropora lutkeni,FM,"Micronesia, Federated States of ",Extant,Native,,
54232897,133303,Acropora lutkeni,SB,Solomon Islands,Extant,Native,,
54232897,133303,Acropora lutkeni,KH,Cambodia,Extant,Native,,
54232897,133303,Acropora lutkeni,MV,Maldives,Extant,Native,,
54232897,133303,Acropora lutkeni,MM,Myanmar,Extant,Native,,
54232897,133303,Acropora lutkeni,TV,Tuvalu,Extant,Native,,
54232897,133303,Acropora lutkeni,TW,"Taiwan, Province of China",Extant,Native,,
54232897,133303,Acropora lutkeni,PF,French Polynesia,Extant,Native,,
54232897,133303,Acropora lutkeni,MH,Marshall Islands,Extant,Native,,
54232897,133303,Acropora lutkeni,AS,American Samoa,Extant,Native,,
54232897,133303,Acropora lutkeni,SC,Seychelles,Extant,Native,,
54232897,133303,Acropora lutkeni,PG,Papua New Guinea,Extant,Native,,
54232897,133303,Acropora lutkeni,SG,Singapore,Extant,Native,,
54232897,133303,Acropora lutkeni,TH,Thailand,Extant,Native,,
54232897,133303,Acropora lutkeni,LK,Sri Lanka,Extant,Native,,
54232897,133303,Acropora lutkeni,TO,Tonga,Extant,Native,,
54232897,133303,Acropora lutkeni,UM,United States Minor Outlying Islands,Extant,Native,,
54232897,133303,Acropora lutkeni,NU,Niue,Extant,Native,,
54232897,133303,Acropora lutkeni,GU,Guam,Extant,Native,,
54258298,133420,Montipora grisea,YT,Mayotte,Extant,Native,,
54258298,133420,Montipora grisea,FJ,Fiji,Extant,Native,,
54258298,133420,Montipora grisea,KI,Kiribati,Extant,Native,,
54258298,133420,Montipora grisea,ID,Indonesia,Extant,Native,,
54258298,133420,Montipora grisea,SC,Seychelles,Extant,Native,,
54258298,133420,Montipora grisea,NC,New Caledonia,Extant,Native,,
54258298,133420,Montipora grisea,MH,Marshall Islands,Extant,Native,,
54258298,133420,Montipora grisea,FM,"Micronesia, Federated States of ",Extant,Native,,
54258298,133420,Montipora grisea,TW,"Taiwan, Province of China",Extant,Native,,
54258298,133420,Montipora grisea,MG,Madagascar,Extant,Native,,
54258298,133420,Montipora grisea,WF,Wallis and Futuna,Extant,Native,,
54258298,133420,Montipora grisea,NR,Nauru,Extant,Native,,
54258298,133420,Montipora grisea,AS,American Samoa,Extant,Native,,
54258298,133420,Montipora grisea,CX,Christmas Island,Extant,Native,,
54258298,133420,Montipora grisea,CC,Cocos (Keeling) Islands,Extant,Native,,
54258298,133420,Montipora grisea,NU,Niue,Extant,Native,,
54258298,133420,Montipora grisea,IN,India,Extant,Native,,
54258298,133420,Montipora grisea,KM,Comoros,Extant,Native,,
54258298,133420,Montipora grisea,RE,Réunion,Extant,Native,,
54258298,133420,Montipora grisea,SB,Solomon Islands,Extant,Native,,
54258298,133420,Montipora grisea,AU,Australia,Extant,Native,,
54258298,133420,Montipora grisea,TV,Tuvalu,Extant,Native,,
54258298,133420,Montipora grisea,TK,Tokelau,Extant,Native,,
54258298,133420,Montipora grisea,MY,Malaysia,Extant,Native,,
54258298,133420,Montipora grisea,VU,Vanuatu,Extant,Native,,
54258298,133420,Montipora grisea,CL,Chile,Extant,Native,,
54258298,133420,Montipora grisea,MM,Myanmar,Extant,Native,,
54258298,133420,Montipora grisea,IO,British Indian Ocean Territory,Extant,Native,,
54258298,133420,Montipora grisea,JP,Japan,Extant,Native,,
54258298,133420,Montipora grisea,PH,Philippines,Extant,Native,,
54258298,133420,Montipora grisea,PW,Palau,Extant,Native,,
54258298,133420,Montipora grisea,SG,Singapore,Extant,Native,,
54258298,133420,Montipora grisea,VN,Viet Nam,Extant,Native,,
54258298,133420,Montipora grisea,WS,Samoa,Extant,Native,,
54258298,133420,Montipora grisea,TH,Thailand,Extant,Native,,
54258298,133420,Montipora grisea,PN,Pitcairn,Extant,Native,,
54258298,133420,Montipora grisea,TO,Tonga,Extant,Native,,
54258298,133420,Montipora grisea,MP,Northern Mariana Islands,Extant,Native,,
54258298,133420,Montipora grisea,MZ,Mozambique,Extant,Native,,
54258298,133420,Montipora grisea,PG,Papua New Guinea,Extant,Native,,
54258298,133420,Montipora grisea,MU,Mauritius,Extant,Native,,
54258298,133420,Montipora grisea,GU,Guam,Extant,Native,,
54260807,133438,Montipora foveolata,WF,Wallis and Futuna,Extant,Native,,
54260807,133438,Montipora foveolata,JP,Japan,Extant,Native,,
54260807,133438,Montipora foveolata,VU,Vanuatu,Extant,Native,,
54260807,133438,Montipora foveolata,KM,Comoros,Extant,Native,,
54260807,133438,Montipora foveolata,PH,Philippines,Extant,Native,,
54260807,133438,Montipora foveolata,IO,British Indian Ocean Territory,Extant,Native,,
54260807,133438,Montipora foveolata,FJ,Fiji,Extant,Native,,
54260807,133438,Montipora foveolata,PW,Palau,Extant,Native,,
54260807,133438,Montipora foveolata,SB,Solomon Islands,Extant,Native,,
54260807,133438,Montipora foveolata,FM,"Micronesia, Federated States of ",Extant,Native,,
54260807,133438,Montipora foveolata,KI,Kiribati,Extant,Native,,
54260807,133438,Montipora foveolata,KH,Cambodia,Extant,Native,,
54260807,133438,Montipora foveolata,CL,Chile,Extant,Native,,
54260807,133438,Montipora foveolata,PN,Pitcairn,Extant,Native,,
54260807,133438,Montipora foveolata,TV,Tuvalu,Extant,Native,,
54260807,133438,Montipora foveolata,KE,Kenya,Extant,Native,,
54260807,133438,Montipora foveolata,ID,Indonesia,Extant,Native,,
54260807,133438,Montipora foveolata,MP,Northern Mariana Islands,Extant,Native,,
54260807,133438,Montipora foveolata,MH,Marshall Islands,Extant,Native,,
54260807,133438,Montipora foveolata,YT,Mayotte,Extant,Native,,
54260807,133438,Montipora foveolata,TO,Tonga,Extant,Native,,
54260807,133438,Montipora foveolata,WS,Samoa,Extant,Native,,
54260807,133438,Montipora foveolata,PG,Papua New Guinea,Extant,Native,,
54260807,133438,Montipora foveolata,IN,India,Extant,Native,,
54260807,133438,Montipora foveolata,TZ,"Tanzania, United Republic of",Extant,Native,,
54260807,133438,Montipora foveolata,TH,Thailand,Extant,Native,,
54260807,133438,Montipora foveolata,VN,Viet Nam,Extant,Native,,
54260807,133438,Montipora foveolata,SG,Singapore,Extant,Native,,
54260807,133438,Montipora foveolata,PF,French Polynesia,Extant,Native,,
54260807,133438,Montipora foveolata,TK,Tokelau,Extant,Native,,
54260807,133438,Montipora foveolata,MY,Malaysia,Extant,Native,,
54260807,133438,Montipora foveolata,LK,Sri Lanka,Extant,Native,,
54260807,133438,Montipora foveolata,MZ,Mozambique,Extant,Native,,
54260807,133438,Montipora foveolata,UM,United States Minor Outlying Islands,Extant,Native,,
54260807,133438,Montipora foveolata,NU,Niue,Extant,Native,,
54260807,133438,Montipora foveolata,NC,New Caledonia,Extant,Native,,
54260807,133438,Montipora foveolata,NR,Nauru,Extant,Native,,
54260807,133438,Montipora foveolata,AU,Australia,Extant,Native,,
54260807,133438,Montipora foveolata,CK,Cook Islands,Extant,Native,,
54260807,133438,Montipora foveolata,MV,Maldives,Extant,Native,,
54260807,133438,Montipora foveolata,MG,Madagascar,Extant,Native,,
54260807,133438,Montipora foveolata,AS,American Samoa,Extant,Native,,
54260807,133438,Montipora foveolata,TW,"Taiwan, Province of China",Extant,Native,,
54260807,133438,Montipora foveolata,MM,Myanmar,Extant,Native,,
54260807,133438,Montipora foveolata,GU,Guam,Extant,Native,,
54290854,133593,Favia stelligera,ZA,South Africa,Extant,Native,,
54290854,133593,Favia stelligera,SB,Solomon Islands,Extant,Native,,
54290854,133593,Favia stelligera,RE,Réunion,Extant,Native,,
54290854,133593,Favia stelligera,VN,Viet Nam,Extant,Native,,
54290854,133593,Favia stelligera,MY,Malaysia,Extant,Native,,
54290854,133593,Favia stelligera,MZ,Mozambique,Extant,Native,,
54290854,133593,Favia stelligera,VU,Vanuatu,Extant,Native,,
54290854,133593,Favia stelligera,PF,French Polynesia,Extant,Native,,
54290854,133593,Favia stelligera,MV,Maldives,Extant,Native,,
54290854,133593,Favia stelligera,MU,Mauritius,Extant,Native,,
54290854,133593,Favia stelligera,SC,Seychelles,Extant,Native,,
54290854,133593,Favia stelligera,WF,Wallis and Futuna,Extant,Native,,
54290854,133593,Favia stelligera,WS,Samoa,Extant,Native,,
54290854,133593,Favia stelligera,YT,Mayotte,Extant,Native,,
54290854,133593,Favia stelligera,UM,United States Minor Outlying Islands,Extant,Native,,
54290854,133593,Favia stelligera,CC,Cocos (Keeling) Islands,Extant,Native,,
54290854,133593,Favia stelligera,TO,Tonga,Extant,Native,,
54290854,133593,Favia stelligera,IN,India,Extant,Native,,
54290854,133593,Favia stelligera,IO,British Indian Ocean Territory,Extant,Native,,
54290854,133593,Favia stelligera,TH,Thailand,Extant,Native,,
54290854,133593,Favia stelligera,FM,"Micronesia, Federated States of ",Extant,Native,,
54290854,133593,Favia stelligera,SD,Sudan,Extant,Native,,
54290854,133593,Favia stelligera,TK,Tokelau,Extant,Native,,
54290854,133593,Favia stelligera,FJ,Fiji,Extant,Native,,
54290854,133593,Favia stelligera,KH,Cambodia,Extant,Native,,
54290854,133593,Favia stelligera,MP,Northern Mariana Islands,Extant,Native,,
54290854,133593,Favia stelligera,JP,Japan,Extant,Native,,
54290854,133593,Favia stelligera,YE,Yemen,Extant,Native,,
54290854,133593,Favia stelligera,MM,Myanmar,Extant,Native,,
54290854,133593,Favia stelligera,JO,Jordan,Extant,Native,,
54290854,133593,Favia stelligera,KI,Kiribati,Extant,Native,,
54290854,133593,Favia stelligera,NU,Niue,Extant,Native,,
54290854,133593,Favia stelligera,AU,Australia,Extant,Native,,
54290854,133593,Favia stelligera,KE,Kenya,Extant,Native,,
54290854,133593,Favia stelligera,NR,Nauru,Extant,Native,,
54290854,133593,Favia stelligera,IL,Israel,Extant,Native,,
54290854,133593,Favia stelligera,PH,Philippines,Extant,Native,,
54290854,133593,Favia stelligera,CX,Christmas Island,Extant,Native,,
54290854,133593,Favia stelligera,TZ,"Tanzania, United Republic of",Extant,Native,,
54290854,133593,Favia stelligera,SO,Somalia,Extant,Native,,
54290854,133593,Favia stelligera,TV,Tuvalu,Extant,Native,,
54290854,133593,Favia stelligera,EG,Egypt,Extant,Native,,
54290854,133593,Favia stelligera,SG,Singapore,Extant,Native,,
54290854,133593,Favia stelligera,NC,New Caledonia,Extant,Native,,
54290854,133593,Favia stelligera,ER,Eritrea,Extant,Native,,
54290854,133593,Favia stelligera,PW,Palau,Extant,Native,,
54290854,133593,Favia stelligera,TW,"Taiwan, Province of China",Extant,Native,,
54290854,133593,Favia stelligera,KM,Comoros,Extant,Native,,
54290854,133593,Favia stelligera,DJ,Djibouti,Extant,Native,,
54290854,133593,Favia stelligera,CL,Chile,Extant,Native,,
54290854,133593,Favia stelligera,ID,Indonesia,Extant,Native,,
54290854,133593,Favia stelligera,MH,Marshall Islands,Extant,Native,,
54290854,133593,Favia stelligera,CK,Cook Islands,Extant,Native,,
54290854,133593,Favia stelligera,SA,Saudi Arabia,Extant,Native,,
54290854,133593,Favia stelligera,PN,Pitcairn,Extant,Native,,
54290854,133593,Favia stelligera,MG,Madagascar,Extant,Native,,
54290854,133593,Favia stelligera,LK,Sri Lanka,Extant,Native,,
54290854,133593,Favia stelligera,AS,American Samoa,Extant,Native,,
54290854,133593,Favia stelligera,PG,Papua New Guinea,Extant,Native,,
54290854,133593,Favia stelligera,GU,Guam,Extant,Native,,
54293583,133616,Favia matthaii,MG,Madagascar,Extant,Native,,
54293583,133616,Favia matthaii,CL,Chile,Extant,Native,,
54293583,133616,Favia matthaii,MH,Marshall Islands,Extant,Native,,
54293583,133616,Favia matthaii,SA,Saudi Arabia,Extant,Native,,
54293583,133616,Favia matthaii,CX,Christmas Island,Extant,Native,,
54293583,133616,Favia matthaii,VN,Viet Nam,Extant,Native,,
54293583,133616,Favia matthaii,WS,Samoa,Extant,Native,,
54293583,133616,Favia matthaii,CK,Cook Islands,Extant,Native,,
54293583,133616,Favia matthaii,SG,Singapore,Extant,Native,,
54293583,133616,Favia matthaii,CN,China,Extant,Native,,
54293583,133616,Favia matthaii,FM,"Micronesia, Federated States of ",Extant,Native,,
54293583,133616,Favia matthaii,MV,Maldives,Extant,Native,,
54293583,133616,Favia matthaii,JP,Japan,Extant,Native,,
54293583,133616,Favia matthaii,ER,Eritrea,Extant,Native,,
54293583,133616,Favia matthaii,MP,Northern Mariana Islands,Extant,Native,,
54293583,133616,Favia matthaii,TV,Tuvalu,Extant,Native,,
54293583,133616,Favia matthaii,TO,Tonga,Extant,Native,,
54293583,133616,Favia matthaii,MM,Myanmar,Extant,Native,,
54293583,133616,Favia matthaii,YE,Yemen,Extant,Native,,
54293583,133616,Favia matthaii,TH,Thailand,Extant,Native,,
54293583,133616,Favia matthaii,AU,Australia,Extant,Native,,
54293583,133616,Favia matthaii,TK,Tokelau,Extant,Native,,
54293583,133616,Favia matthaii,CC,Cocos (Keeling) Islands,Extant,Native,,
54293583,133616,Favia matthaii,IL,Israel,Extant,Native,,
54293583,133616,Favia matthaii,TZ,"Tanzania, United Republic of",Extant,Native,,
54293583,133616,Favia matthaii,UM,United States Minor Outlying Islands,Extant,Native,,
54293583,133616,Favia matthaii,SO,Somalia,Extant,Native,,
54293583,133616,Favia matthaii,YT,Mayotte,Extant,Native,,
54293583,133616,Favia matthaii,EG,Egypt,Extant,Native,,
54293583,133616,Favia matthaii,KM,Comoros,Extant,Native,,
54293583,133616,Favia matthaii,PN,Pitcairn,Extant,Native,,
54293583,133616,Favia matthaii,NC,New Caledonia,Extant,Native,,
54293583,133616,Favia matthaii,TW,"Taiwan, Province of China",Extant,Native,,
54293583,133616,Favia matthaii,WF,Wallis and Futuna,Extant,Native,,
54293583,133616,Favia matthaii,AS,American Samoa,Extant,Native,,
54293583,133616,Favia matthaii,MU,Mauritius,Extant,Native,,
54293583,133616,Favia matthaii,PH,Philippines,Extant,Native,,
54293583,133616,Favia matthaii,JO,Jordan,Extant,Native,,
54293583,133616,Favia matthaii,PW,Palau,Extant,Native,,
54293583,133616,Favia matthaii,SB,Solomon Islands,Extant,Native,,
54293583,133616,Favia matthaii,VU,Vanuatu,Extant,Native,,
54293583,133616,Favia matthaii,OM,Oman,Extant,Native,,
54293583,133616,Favia matthaii,NR,Nauru,Extant,Native,,
54293583,133616,Favia matthaii,RE,Réunion,Extant,Native,,
54293583,133616,Favia matthaii,ZA,South Africa,Extant,Native,,
54293583,133616,Favia matthaii,NU,Niue,Extant,Native,,
54293583,133616,Favia matthaii,IN,India,Extant,Native,,
54293583,133616,Favia matthaii,IO,British Indian Ocean Territory,Extant,Native,,
54293583,133616,Favia matthaii,KH,Cambodia,Extant,Native,,
54293583,133616,Favia matthaii,FJ,Fiji,Extant,Native,,
54293583,133616,Favia matthaii,MZ,Mozambique,Extant,Native,,
54293583,133616,Favia matthaii,MY,Malaysia,Extant,Native,,
54293583,133616,Favia matthaii,KI,Kiribati,Extant,Native,,
54293583,133616,Favia matthaii,DJ,Djibouti,Extant,Native,,
54293583,133616,Favia matthaii,PF,French Polynesia,Extant,Native,,
54293583,133616,Favia matthaii,SC,Seychelles,Extant,Native,,
54293583,133616,Favia matthaii,LK,Sri Lanka,Extant,Native,,
54293583,133616,Favia matthaii,ID,Indonesia,Extant,Native,,
54293583,133616,Favia matthaii,SD,Sudan,Extant,Native,,
54293583,133616,Favia matthaii,KE,Kenya,Extant,Native,,
54293583,133616,Favia matthaii,PG,Papua New Guinea,Extant,Native,,
54293583,133616,Favia matthaii,GU,Guam,Extant,Native,,
54299989,133646,Montipora verrucosa,TZ,"Tanzania, United Republic of",Extant,Native,,
54299989,133646,Montipora verrucosa,EG,Egypt,Extant,Native,,
54299989,133646,Montipora verrucosa,YT,Mayotte,Extant,Native,,
54299989,133646,Montipora verrucosa,AE,United Arab Emirates,Extant,Native,,
54299989,133646,Montipora verrucosa,UM,United States Minor Outlying Islands,Extant,Native,,
54299989,133646,Montipora verrucosa,ER,Eritrea,Extant,Native,,
54299989,133646,Montipora verrucosa,CL,Chile,Extant,Native,,
54299989,133646,Montipora verrucosa,SB,Solomon Islands,Extant,Native,,
54299989,133646,Montipora verrucosa,SA,Saudi Arabia,Extant,Native,,
54299989,133646,Montipora verrucosa,AS,American Samoa,Extant,Native,,
54299989,133646,Montipora verrucosa,SC,Seychelles,Extant,Native,,
54299989,133646,Montipora verrucosa,PG,Papua New Guinea,Extant,Native,,
54299989,133646,Montipora verrucosa,SD,Sudan,Extant,Native,,
54299989,133646,Montipora verrucosa,IL,Israel,Extant,Native,,
54299989,133646,Montipora verrucosa,MU,Mauritius,Extant,Native,,
54299989,133646,Montipora verrucosa,KE,Kenya,Extant,Native,,
54299989,133646,Montipora verrucosa,VU,Vanuatu,Extant,Native,,
54299989,133646,Montipora verrucosa,KW,Kuwait,Extant,Native,,
54299989,133646,Montipora verrucosa,ZA,South Africa,Extant,Native,,
54299989,133646,Montipora verrucosa,KM,Comoros,Extant,Native,,
54299989,133646,Montipora verrucosa,TO,Tonga,Extant,Native,,
54299989,133646,Montipora verrucosa,QA,Qatar,Extant,Native,,
54299989,133646,Montipora verrucosa,TK,Tokelau,Extant,Native,,
54299989,133646,Montipora verrucosa,SG,Singapore,Extant,Native,,
54299989,133646,Montipora verrucosa,IN,India,Extant,Native,,
54299989,133646,Montipora verrucosa,TH,Thailand,Extant,Native,,
54299989,133646,Montipora verrucosa,WS,Samoa,Extant,Native,,
54299989,133646,Montipora verrucosa,PW,Palau,Extant,Native,,
54299989,133646,Montipora verrucosa,TW,"Taiwan, Province of China",Extant,Native,,
54299989,133646,Montipora verrucosa,IO,British Indian Ocean Territory,Extant,Native,,
54299989,133646,Montipora verrucosa,IR,"Iran, Islamic Republic of",Extant,Native,,
54299989,133646,Montipora verrucosa,AU,Australia,Extant,Native,,
54299989,133646,Montipora verrucosa,NC,New Caledonia,Extant,Native,,
54299989,133646,Montipora verrucosa,MM,Myanmar,Extant,Native,,
54299989,133646,Montipora verrucosa,YE,Yemen,Extant,Native,,
54299989,133646,Montipora verrucosa,JP,Japan,Extant,Native,,
54299989,133646,Montipora verrucosa,TV,Tuvalu,Extant,Native,,
54299989,133646,Montipora verrucosa,IQ,Iraq,Extant,Native,,
54299989,133646,Montipora verrucosa,JO,Jordan,Extant,Native,,
54299989,133646,Montipora verrucosa,MY,Malaysia,Extant,Native,,
54299989,133646,Montipora verrucosa,MP,Northern Mariana Islands,Extant,Native,,
54299989,133646,Montipora verrucosa,NR,Nauru,Extant,Native,,
54299989,133646,Montipora verrucosa,SO,Somalia,Extant,Native,,
54299989,133646,Montipora verrucosa,NU,Niue,Extant,Native,,
54299989,133646,Montipora verrucosa,MZ,Mozambique,Extant,Native,,
54299989,133646,Montipora verrucosa,MH,Marshall Islands,Extant,Native,,
54299989,133646,Montipora verrucosa,BH,Bahrain,Extant,Native,,
54299989,133646,Montipora verrucosa,PN,Pitcairn,Extant,Native,,
54299989,133646,Montipora verrucosa,OM,Oman,Extant,Native,,
54299989,133646,Montipora verrucosa,MG,Madagascar,Extant,Native,,
54299989,133646,Montipora verrucosa,PH,Philippines,Extant,Native,,
54299989,133646,Montipora verrucosa,KI,Kiribati,Extant,Native,,
54299989,133646,Montipora verrucosa,VN,Viet Nam,Extant,Native,,
54299989,133646,Montipora verrucosa,WF,Wallis and Futuna,Extant,Native,,
54299989,133646,Montipora verrucosa,RE,Réunion,Extant,Native,,
54299989,133646,Montipora verrucosa,LK,Sri Lanka,Extant,Native,,
54299989,133646,Montipora verrucosa,FJ,Fiji,Extant,Native,,
54299989,133646,Montipora verrucosa,DJ,Djibouti,Extant,Native,,
54299989,133646,Montipora verrucosa,PK,Pakistan,Extant,Native,,
54299989,133646,Montipora verrucosa,MV,Maldives,Extant,Native,,
54299989,133646,Montipora verrucosa,KH,Cambodia,Extant,Native,,
54299989,133646,Montipora verrucosa,FM,"Micronesia, Federated States of ",Extant,Native,,
54299989,133646,Montipora verrucosa,PF,French Polynesia,Extant,Native,,
54299989,133646,Montipora verrucosa,ID,Indonesia,Extant,Native,,
54299989,133646,Montipora verrucosa,CK,Cook Islands,Extant,Native,,
54299989,133646,Montipora verrucosa,GU,Guam,Extant,Native,,
54302167,133652,Leptastrea transversa,PF,French Polynesia,Extant,Native,,
54302167,133652,Leptastrea transversa,VU,Vanuatu,Extant,Native,,
54302167,133652,Leptastrea transversa,SD,Sudan,Extant,Native,,
54302167,133652,Leptastrea transversa,VN,Viet Nam,Extant,Native,,
54302167,133652,Leptastrea transversa,PG,Papua New Guinea,Extant,Native,,
54302167,133652,Leptastrea transversa,CN,China,Extant,Native,,
54302167,133652,Leptastrea transversa,RE,Réunion,Extant,Native,,
54302167,133652,Leptastrea transversa,SC,Seychelles,Extant,Native,,
54302167,133652,Leptastrea transversa,KH,Cambodia,Extant,Native,,
54302167,133652,Leptastrea transversa,WF,Wallis and Futuna,Extant,Native,,
54302167,133652,Leptastrea transversa,MG,Madagascar,Extant,Native,,
54302167,133652,Leptastrea transversa,KE,Kenya,Extant,Native,,
54302167,133652,Leptastrea transversa,CC,Cocos (Keeling) Islands,Extant,Native,,
54302167,133652,Leptastrea transversa,ID,Indonesia,Extant,Native,,
54302167,133652,Leptastrea transversa,MH,Marshall Islands,Extant,Native,,
54302167,133652,Leptastrea transversa,LK,Sri Lanka,Extant,Native,,
54302167,133652,Leptastrea transversa,FM,"Micronesia, Federated States of ",Extant,Native,,
54302167,133652,Leptastrea transversa,CL,Chile,Extant,Native,,
54302167,133652,Leptastrea transversa,TV,Tuvalu,Extant,Native,,
54302167,133652,Leptastrea transversa,YT,Mayotte,Extant,Native,,
54302167,133652,Leptastrea transversa,YE,Yemen,Extant,Native,,
54302167,133652,Leptastrea transversa,NC,New Caledonia,Extant,Native,,
54302167,133652,Leptastrea transversa,JP,Japan,Extant,Native,,
54302167,133652,Leptastrea transversa,OM,Oman,Extant,Native,,
54302167,133652,Leptastrea transversa,SO,Somalia,Extant,Native,,
54302167,133652,Leptastrea transversa,DJ,Djibouti,Extant,Native,,
54302167,133652,Leptastrea transversa,BH,Bahrain,Extant,Native,,
54302167,133652,Leptastrea transversa,MV,Maldives,Extant,Native,,
54302167,133652,Leptastrea transversa,KW,Kuwait,Extant,Native,,
54302167,133652,Leptastrea transversa,PH,Philippines,Extant,Native,,
54302167,133652,Leptastrea transversa,KM,Comoros,Extant,Native,,
54302167,133652,Leptastrea transversa,NR,Nauru,Extant,Native,,
54302167,133652,Leptastrea transversa,UM,United States Minor Outlying Islands,Extant,Native,,
54302167,133652,Leptastrea transversa,WS,Samoa,Extant,Native,,
54302167,133652,Leptastrea transversa,NU,Niue,Extant,Native,,
54302167,133652,Leptastrea transversa,IL,Israel,Extant,Native,,
54302167,133652,Leptastrea transversa,TO,Tonga,Extant,Native,,
54302167,133652,Leptastrea transversa,MU,Mauritius,Extant,Native,,
54302167,133652,Leptastrea transversa,SG,Singapore,Extant,Native,,
54302167,133652,Leptastrea transversa,FJ,Fiji,Extant,Native,,
54302167,133652,Leptastrea transversa,PN,Pitcairn,Extant,Native,,
54302167,133652,Leptastrea transversa,AS,American Samoa,Extant,Native,,
54302167,133652,Leptastrea transversa,KI,Kiribati,Extant,Native,,
54302167,133652,Leptastrea transversa,MP,Northern Mariana Islands,Extant,Native,,
54302167,133652,Leptastrea transversa,MM,Myanmar,Extant,Native,,
54302167,133652,Leptastrea transversa,TZ,"Tanzania, United Republic of",Extant,Native,,
54302167,133652,Leptastrea transversa,TW,"Taiwan, Province of China",Extant,Native,,
54302167,133652,Leptastrea transversa,TH,Thailand,Extant,Native,,
54302167,133652,Leptastrea transversa,EG,Egypt,Extant,Native,,
54302167,133652,Leptastrea transversa,CX,Christmas Island,Extant,Native,,
54302167,133652,Leptastrea transversa,ER,Eritrea,Extant,Native,,
54302167,133652,Leptastrea transversa,NF,Norfolk Island,Extant,Native,,
54302167,133652,Leptastrea transversa,AE,United Arab Emirates,Extant,Native,,
54302167,133652,Leptastrea transversa,TK,Tokelau,Extant,Native,,
54302167,133652,Leptastrea transversa,MZ,Mozambique,Extant,Native,,
54302167,133652,Leptastrea transversa,PW,Palau,Extant,Native,,
54302167,133652,Leptastrea transversa,JO,Jordan,Extant,Native,,
54302167,133652,Leptastrea transversa,SB,Solomon Islands,Extant,Native,,
54302167,133652,Leptastrea transversa,MY,Malaysia,Extant,Native,,
54302167,133652,Leptastrea transversa,IN,India,Extant,Native,,
54302167,133652,Leptastrea transversa,SA,Saudi Arabia,Extant,Native,,
54302167,133652,Leptastrea transversa,IO,British Indian Ocean Territory,Extant,Native,,
54302167,133652,Leptastrea transversa,QA,Qatar,Extant,Native,,
54302167,133652,Leptastrea transversa,CK,Cook Islands,Extant,Native,,
54302167,133652,Leptastrea transversa,AU,Australia,Extant,Native,,
54302167,133652,Leptastrea transversa,IR,"Iran, Islamic Republic of",Extant,Native,,
54302167,133652,Leptastrea transversa,IQ,Iraq,Extant,Native,,
54302167,133652,Leptastrea transversa,GU,Guam,Extant,Native,,
