assessmentId,internalTaxonId,scientificName,code,name,stressCode,stressName,ancestry,ias,internationalTrade,scope,severity,text,timing,virus
1621878,180373,Isostichopus fuscus,5.4.2,Intentional use: (large scale) [harvest],2.1,Species mortality,,,,,,,Ongoing,
1621878,180373,Isostichopus fuscus,9.1.1,Sewage,"","",,,,,,,Ongoing,
1621878,180373,Isostichopus fuscus,5.4.1,Intentional use: (subsistence/small scale) [harvest],2.1,Species mortality,,,,,,,Ongoing,
1621878,180373,Isostichopus fuscus,9.1.2,Run-off,"","",,,,,,,Ongoing,
1621878,180373,Isostichopus fuscus,9.1.3,Type Unknown/Unrecorded,"","",,,,,,,Ongoing,
1621878,180373,Isostichopus fuscus,2.4.2,Industrial aquaculture,"","",,,,,,,Ongoing,
3503904,132944,Montipora nodosa,9.5.3,Ozone,1.2,Ecosystem degradation,,,,,,,Ongoing,
3503904,132944,Montipora nodosa,11.3,Temperature extremes,1.2|2.1|2.2|2.3.8,Ecosystem degradation|Species mortality|Species disturbance|Other,,,,,,,Ongoing,
3503904,132944,Montipora nodosa,11.4,Storms & flooding,1.2,Ecosystem degradation,,,,,,,Ongoing,
3503904,132944,Montipora nodosa,9.3.2,"Soil erosion, sedimentation",1.2,Ecosystem degradation,,,,,,,Ongoing,
3503904,132944,Montipora nodosa,1.2,Commercial & industrial areas,1.1|1.2,Ecosystem conversion|Ecosystem degradation,,,,,,,Ongoing,
3503904,132944,Montipora nodosa,6.1,Recreational activities,2.2,Species disturbance,,,,,,,Ongoing,
3503904,132944,Montipora nodosa,5.4.6,Motivation Unknown/Unrecorded,1.2,Ecosystem degradation,,,,,,,Ongoing,
3503904,132944,Montipora nodosa,9.2.3,Type Unknown/Unrecorded,1.2,Ecosystem degradation,,,,,,,Ongoing,
3503904,132944,Montipora nodosa,8.1.1,Unspecified species,2.1|2.2|2.3.2,Species mortality|Species disturbance|Competition,,,,,,,Ongoing,
3503904,132944,Montipora nodosa,9.1.3,Type Unknown/Unrecorded,1.2,Ecosystem degradation,,,,,,,Ongoing,
3503904,132944,Montipora nodosa,9.3.4,Type Unknown/Unrecorded,1.2,Ecosystem degradation,,,,,,,Ongoing,
3503904,132944,Montipora nodosa,1.1,Housing & urban areas,1.1|1.2,Ecosystem conversion|Ecosystem degradation,,,,,,,Ongoing,
3503904,132944,Montipora nodosa,1.3,Tourism & recreation areas,1.1|1.2,Ecosystem conversion|Ecosystem degradation,,,,,,,Ongoing,
3503904,132944,Montipora nodosa,5.4.3,Unintentional effects: (subsistence/small scale) [harvest],2.1,Species mortality,,,,,,,Ongoing,
3503904,132944,Montipora nodosa,5.4.1,Intentional use: (subsistence/small scale) [harvest],2.1,Species mortality,,,,,,,Ongoing,
3503904,132944,Montipora nodosa,4.3,Shipping lanes,1.2,Ecosystem degradation,,,,,,,Ongoing,
3503904,132944,Montipora nodosa,8.2.2,Named species,2.1,Species mortality,,Acanthaster planci,,,,,Ongoing,
3503904,132944,Montipora nodosa,8.2.1,Unspecified species,2.1|2.2|2.3.2,Species mortality|Species disturbance|Competition,,,,,,,Ongoing,
3578932,133120,Acropora latistella,9.5.3,Ozone,1.2,Ecosystem degradation,,,,,,,Ongoing,
3578932,133120,Acropora latistella,11.3,Temperature extremes,1.2|2.1|2.2|2.3.8,Ecosystem degradation|Species mortality|Species disturbance|Other,,,,,,,Ongoing,
3578932,133120,Acropora latistella,11.4,Storms & flooding,1.2,Ecosystem degradation,,,,,,,Ongoing,
3578932,133120,Acropora latistella,9.3.2,"Soil erosion, sedimentation",1.2,Ecosystem degradation,,,,,,,Ongoing,
3578932,133120,Acropora latistella,1.2,Commercial & industrial areas,1.1|1.2,Ecosystem conversion|Ecosystem degradation,,,,,,,Ongoing,
3578932,133120,Acropora latistella,6.1,Recreational activities,2.2,Species disturbance,,,,,,,Ongoing,
3578932,133120,Acropora latistella,5.4.6,Motivation Unknown/Unrecorded,1.2,Ecosystem degradation,,,,,,,Ongoing,
3578932,133120,Acropora latistella,9.2.3,Type Unknown/Unrecorded,1.2,Ecosystem degradation,,,,,,,Ongoing,
3578932,133120,Acropora latistella,8.1.1,Unspecified species,2.1|2.2|2.3.2,Species mortality|Species disturbance|Competition,,,,,,,Ongoing,
3578932,133120,Acropora latistella,9.1.3,Type Unknown/Unrecorded,1.2,Ecosystem degradation,,,,,,,Ongoing,
3578932,133120,Acropora latistella,9.3.4,Type Unknown/Unrecorded,1.2,Ecosystem degradation,,,,,,,Ongoing,
3578932,133120,Acropora latistella,1.1,Housing & urban areas,1.1|1.2,Ecosystem conversion|Ecosystem degradation,,,,,,,Ongoing,
3578932,133120,Acropora latistella,1.3,Tourism & recreation areas,1.1|1.2,Ecosystem conversion|Ecosystem degradation,,,,,,,Ongoing,
3578932,133120,Acropora latistella,5.4.3,Unintentional effects: (subsistence/small scale) [harvest],2.1,Species mortality,,,,,,,Ongoing,
3578932,133120,Acropora latistella,5.4.1,Intentional use: (subsistence/small scale) [harvest],2.1,Species mortality,,,,,,,Ongoing,
3578932,133120,Acropora latistella,4.3,Shipping lanes,1.2,Ecosystem degradation,,,,,,,Ongoing,
3578932,133120,Acropora latistella,8.2.2,Named species,2.1,Species mortality,,Acanthaster planci,,,,,Ongoing,
3578932,133120,Acropora latistella,8.2.1,Unspecified species,2.1|2.2|2.3.2,Species mortality|Species disturbance|Competition,,,,,,,Ongoing,
3625707,133196,Montipora incrassata,9.5.3,Ozone,1.2,Ecosystem degradation,,,,,,,Ongoing,
3625707,133196,Montipora incrassata,11.3,Temperature extremes,1.2|2.1|2.2|2.3.8,Ecosystem degradation|Species mortality|Species disturbance|Other,,,,,,,Ongoing,
3625707,133196,Montipora incrassata,11.4,Storms & flooding,1.2,Ecosystem degradation,,,,,,,Ongoing,
3625707,133196,Montipora incrassata,9.3.2,"Soil erosion, sedimentation",1.2,Ecosystem degradation,,,,,,,Ongoing,
3625707,133196,Montipora incrassata,1.2,Commercial & industrial areas,1.1|1.2,Ecosystem conversion|Ecosystem degradation,,,,,,,Ongoing,
3625707,133196,Montipora incrassata,6.1,Recreational activities,2.2,Species disturbance,,,,,,,Ongoing,
3625707,133196,Montipora incrassata,5.4.6,Motivation Unknown/Unrecorded,1.2,Ecosystem degradation,,,,,,,Ongoing,
3625707,133196,Montipora incrassata,9.2.3,Type Unknown/Unrecorded,1.2,Ecosystem degradation,,,,,,,Ongoing,
3625707,133196,Montipora incrassata,8.1.1,Unspecified species,2.1|2.2|2.3.2,Species mortality|Species disturbance|Competition,,,,,,,Ongoing,
3625707,133196,Montipora incrassata,9.1.3,Type Unknown/Unrecorded,1.2,Ecosystem degradation,,,,,,,Ongoing,
3625707,133196,Montipora incrassata,9.3.4,Type Unknown/Unrecorded,1.2,Ecosystem degradation,,,,,,,Ongoing,
3625707,133196,Montipora incrassata,1.1,Housing & urban areas,1.1|1.2,Ecosystem conversion|Ecosystem degradation,,,,,,,Ongoing,
3625707,133196,Montipora incrassata,1.3,Tourism & recreation areas,1.1|1.2,Ecosystem conversion|Ecosystem degradation,,,,,,,Ongoing,
3625707,133196,Montipora incrassata,5.4.3,Unintentional effects: (subsistence/small scale) [harvest],2.1,Species mortality,,,,,,,Ongoing,
3625707,133196,Montipora incrassata,5.4.1,Intentional use: (subsistence/small scale) [harvest],2.1,Species mortality,,,,,,,Ongoing,
3625707,133196,Montipora incrassata,4.3,Shipping lanes,1.2,Ecosystem degradation,,,,,,,Ongoing,
3625707,133196,Montipora incrassata,8.2.2,Named species,2.1,Species mortality,,Acanthaster planci,,,,,Ongoing,
3625707,133196,Montipora incrassata,8.2.1,Unspecified species,2.1|2.2|2.3.2,Species mortality|Species disturbance|Competition,,,,,,,Ongoing,
3667540,133278,Leptastrea pruinosa,9.5.3,Ozone,1.2,Ecosystem degradation,,,,,,,Ongoing,
3667540,133278,Leptastrea pruinosa,11.3,Temperature extremes,1.2|2.1|2.2|2.3.8,Ecosystem degradation|Species mortality|Species disturbance|Other,,,,,,,Ongoing,
3667540,133278,Leptastrea pruinosa,11.4,Storms & flooding,1.2,Ecosystem degradation,,,,,,,Ongoing,
3667540,133278,Leptastrea pruinosa,9.3.2,"Soil erosion, sedimentation",1.2,Ecosystem degradation,,,,,,,Ongoing,
3667540,133278,Leptastrea pruinosa,1.2,Commercial & industrial areas,1.1|1.2,Ecosystem conversion|Ecosystem degradation,,,,,,,Ongoing,
3667540,133278,Leptastrea pruinosa,6.1,Recreational activities,2.2,Species disturbance,,,,,,,Ongoing,
3667540,133278,Leptastrea pruinosa,5.4.6,Motivation Unknown/Unrecorded,1.2,Ecosystem degradation,,,,,,,Ongoing,
3667540,133278,Leptastrea pruinosa,9.2.3,Type Unknown/Unrecorded,1.2,Ecosystem degradation,,,,,,,Ongoing,
3667540,133278,Leptastrea pruinosa,8.1.1,Unspecified species,2.1|2.2|2.3.2,Species mortality|Species disturbance|Competition,,,,,,,Ongoing,
3667540,133278,Leptastrea pruinosa,9.1.3,Type Unknown/Unrecorded,1.2,Ecosystem degradation,,,,,,,Ongoing,
3667540,133278,Leptastrea pruinosa,9.3.4,Type Unknown/Unrecorded,1.2,Ecosystem degradation,,,,,,,Ongoing,
3667540,133278,Leptastrea pruinosa,1.1,Housing & urban areas,1.1|1.2,Ecosystem conversion|Ecosystem degradation,,,,,,,Ongoing,
3667540,133278,Leptastrea pruinosa,1.3,Tourism & recreation areas,1.1|1.2,Ecosystem conversion|Ecosystem degradation,,,,,,,Ongoing,
3667540,133278,Leptastrea pruinosa,5.4.3,Unintentional effects: (subsistence/small scale) [harvest],2.1,Species mortality,,,,,,,Ongoing,
3667540,133278,Leptastrea pruinosa,5.4.1,Intentional use: (subsistence/small scale) [harvest],2.1,Species mortality,,,,,,,Ongoing,
3667540,133278,Leptastrea pruinosa,4.3,Shipping lanes,1.2,Ecosystem degradation,,,,,,,Ongoing,
3667540,133278,Leptastrea pruinosa,8.2.1,Unspecified species,2.1|2.2|2.3.2,Species mortality|Species disturbance|Competition,,,,,,,Ongoing,
3743106,133433,Montipora crassituberculata,9.5.3,Ozone,1.2,Ecosystem degradation,,,,,,,Ongoing,
3743106,133433,Montipora crassituberculata,11.3,Temperature extremes,1.2|2.1|2.2|2.3.8,Ecosystem degradation|Species mortality|Species disturbance|Other,,,,,,,Ongoing,
3743106,133433,Montipora crassituberculata,11.4,Storms & flooding,1.2,Ecosystem degradation,,,,,,,Ongoing,
3743106,133433,Montipora crassituberculata,9.3.2,"Soil erosion, sedimentation",1.2,Ecosystem degradation,,,,,,,Ongoing,
3743106,133433,Montipora crassituberculata,1.2,Commercial & industrial areas,1.1|1.2,Ecosystem conversion|Ecosystem degradation,,,,,,,Ongoing,
3743106,133433,Montipora crassituberculata,6.1,Recreational activities,2.2,Species disturbance,,,,,,,Ongoing,
3743106,133433,Montipora crassituberculata,5.4.6,Motivation Unknown/Unrecorded,1.2,Ecosystem degradation,,,,,,,Ongoing,
3743106,133433,Montipora crassituberculata,9.2.3,Type Unknown/Unrecorded,1.2,Ecosystem degradation,,,,,,,Ongoing,
3743106,133433,Montipora crassituberculata,8.1.1,Unspecified species,2.1|2.2|2.3.2,Species mortality|Species disturbance|Competition,,,,,,,Ongoing,
3743106,133433,Montipora crassituberculata,9.1.3,Type Unknown/Unrecorded,1.2,Ecosystem degradation,,,,,,,Ongoing,
3743106,133433,Montipora crassituberculata,9.3.4,Type Unknown/Unrecorded,1.2,Ecosystem degradation,,,,,,,Ongoing,
3743106,133433,Montipora crassituberculata,1.1,Housing & urban areas,1.1|1.2,Ecosystem conversion|Ecosystem degradation,,,,,,,Ongoing,
3743106,133433,Montipora crassituberculata,1.3,Tourism & recreation areas,1.1|1.2,Ecosystem conversion|Ecosystem degradation,,,,,,,Ongoing,
3743106,133433,Montipora crassituberculata,5.4.3,Unintentional effects: (subsistence/small scale) [harvest],2.1,Species mortality,,,,,,,Ongoing,
3743106,133433,Montipora crassituberculata,5.4.1,Intentional use: (subsistence/small scale) [harvest],2.1,Species mortality,,,,,,,Ongoing,
3743106,133433,Montipora crassituberculata,4.3,Shipping lanes,1.2,Ecosystem degradation,,,,,,,Ongoing,
3743106,133433,Montipora crassituberculata,8.2.1,Unspecified species,2.1|2.2|2.3.2,Species mortality|Species disturbance|Competition,,,,,,,Ongoing,
3748279,133443,Montipora australiensis,9.5.3,Ozone,1.2,Ecosystem degradation,,,,,,,Ongoing,
3748279,133443,Montipora australiensis,11.3,Temperature extremes,1.2|2.1|2.2|2.3.8,Ecosystem degradation|Species mortality|Species disturbance|Other,,,,,,,Ongoing,
3748279,133443,Montipora australiensis,11.4,Storms & flooding,1.2,Ecosystem degradation,,,,,,,Ongoing,
3748279,133443,Montipora australiensis,9.3.2,"Soil erosion, sedimentation",1.2,Ecosystem degradation,,,,,,,Ongoing,
3748279,133443,Montipora australiensis,1.2,Commercial & industrial areas,1.1|1.2,Ecosystem conversion|Ecosystem degradation,,,,,,,Ongoing,
3748279,133443,Montipora australiensis,6.1,Recreational activities,2.2,Species disturbance,,,,,,,Ongoing,
3748279,133443,Montipora australiensis,5.4.6,Motivation Unknown/Unrecorded,1.2,Ecosystem degradation,,,,,,,Ongoing,
3748279,133443,Montipora australiensis,9.2.3,Type Unknown/Unrecorded,1.2,Ecosystem degradation,,,,,,,Ongoing,
3748279,133443,Montipora australiensis,8.1.1,Unspecified species,2.1|2.2|2.3.2,Species mortality|Species disturbance|Competition,,,,,,,Ongoing,
3748279,133443,Montipora australiensis,9.1.3,Type Unknown/Unrecorded,1.2,Ecosystem degradation,,,,,,,Ongoing,
3748279,133443,Montipora australiensis,9.3.4,Type Unknown/Unrecorded,1.2,Ecosystem degradation,,,,,,,Ongoing,
3748279,133443,Montipora australiensis,1.1,Housing & urban areas,1.1|1.2,Ecosystem conversion|Ecosystem degradation,,,,,,,Ongoing,
3748279,133443,Montipora australiensis,1.3,Tourism & recreation areas,1.1|1.2,Ecosystem conversion|Ecosystem degradation,,,,,,,Ongoing,
3748279,133443,Montipora australiensis,5.4.3,Unintentional effects: (subsistence/small scale) [harvest],2.1,Species mortality,,,,,,,Ongoing,
3748279,133443,Montipora australiensis,5.4.1,Intentional use: (subsistence/small scale) [harvest],2.1,Species mortality,,,,,,,Ongoing,
3748279,133443,Montipora australiensis,4.3,Shipping lanes,1.2,Ecosystem degradation,,,,,,,Ongoing,
3748279,133443,Montipora australiensis,8.2.2,Named species,2.1,Species mortality,,Acanthaster planci,,,,,Ongoing,
3748279,133443,Montipora australiensis,8.2.1,Unspecified species,2.1|2.2|2.3.2,Species mortality|Species disturbance|Competition,,,,,,,Ongoing,
3765052,133479,Acropora hyacinthus,9.5.3,Ozone,1.2,Ecosystem degradation,,,,,,,Ongoing,
3765052,133479,Acropora hyacinthus,11.3,Temperature extremes,1.2|2.1|2.2|2.3.8,Ecosystem degradation|Species mortality|Species disturbance|Other,,,,,,,Ongoing,
3765052,133479,Acropora hyacinthus,11.4,Storms & flooding,1.2,Ecosystem degradation,,,,,,,Ongoing,
3765052,133479,Acropora hyacinthus,9.3.2,"Soil erosion, sedimentation",1.2,Ecosystem degradation,,,,,,,Ongoing,
3765052,133479,Acropora hyacinthus,1.2,Commercial & industrial areas,1.1|1.2,Ecosystem conversion|Ecosystem degradation,,,,,,,Ongoing,
3765052,133479,Acropora hyacinthus,6.1,Recreational activities,2.2,Species disturbance,,,,,,,Ongoing,
3765052,133479,Acropora hyacinthus,5.4.6,Motivation Unknown/Unrecorded,1.2,Ecosystem degradation,,,,,,,Ongoing,
3765052,133479,Acropora hyacinthus,9.2.3,Type Unknown/Unrecorded,1.2,Ecosystem degradation,,,,,,,Ongoing,
3765052,133479,Acropora hyacinthus,8.1.1,Unspecified species,2.1|2.2|2.3.2,Species mortality|Species disturbance|Competition,,,,,,,Ongoing,
3765052,133479,Acropora hyacinthus,9.1.3,Type Unknown/Unrecorded,1.2,Ecosystem degradation,,,,,,,Ongoing,
3765052,133479,Acropora hyacinthus,9.3.4,Type Unknown/Unrecorded,1.2,Ecosystem degradation,,,,,,,Ongoing,
3765052,133479,Acropora hyacinthus,1.1,Housing & urban areas,1.1|1.2,Ecosystem conversion|Ecosystem degradation,,,,,,,Ongoing,
3765052,133479,Acropora hyacinthus,1.3,Tourism & recreation areas,1.1|1.2,Ecosystem conversion|Ecosystem degradation,,,,,,,Ongoing,
3765052,133479,Acropora hyacinthus,5.4.3,Unintentional effects: (subsistence/small scale) [harvest],2.1,Species mortality,,,,,,,Ongoing,
3765052,133479,Acropora hyacinthus,5.4.1,Intentional use: (subsistence/small scale) [harvest],2.1,Species mortality,,,,,,,Ongoing,
3765052,133479,Acropora hyacinthus,4.3,Shipping lanes,1.2,Ecosystem degradation,,,,,,,Ongoing,
3765052,133479,Acropora hyacinthus,8.2.2,Named species,2.1,Species mortality,,Acanthaster planci,,,,,Ongoing,
3765052,133479,Acropora hyacinthus,8.2.1,Unspecified species,2.1|2.2|2.3.2,Species mortality|Species disturbance|Competition,,,,,,,Ongoing,
3862790,133682,Acropora subulata,9.5.3,Ozone,1.2,Ecosystem degradation,,,,,,,Ongoing,
3862790,133682,Acropora subulata,11.3,Temperature extremes,1.2|2.1|2.2|2.3.8,Ecosystem degradation|Species mortality|Species disturbance|Other,,,,,,,Ongoing,
3862790,133682,Acropora subulata,11.4,Storms & flooding,1.2,Ecosystem degradation,,,,,,,Ongoing,
3862790,133682,Acropora subulata,9.3.2,"Soil erosion, sedimentation",1.2,Ecosystem degradation,,,,,,,Ongoing,
3862790,133682,Acropora subulata,1.2,Commercial & industrial areas,1.1|1.2,Ecosystem conversion|Ecosystem degradation,,,,,,,Ongoing,
3862790,133682,Acropora subulata,6.1,Recreational activities,2.2,Species disturbance,,,,,,,Ongoing,
3862790,133682,Acropora subulata,5.4.6,Motivation Unknown/Unrecorded,1.2,Ecosystem degradation,,,,,,,Ongoing,
3862790,133682,Acropora subulata,9.2.3,Type Unknown/Unrecorded,1.2,Ecosystem degradation,,,,,,,Ongoing,
3862790,133682,Acropora subulata,8.1.1,Unspecified species,2.1|2.2|2.3.2,Species mortality|Species disturbance|Competition,,,,,,,Ongoing,
3862790,133682,Acropora subulata,9.1.3,Type Unknown/Unrecorded,1.2,Ecosystem degradation,,,,,,,Ongoing,
3862790,133682,Acropora subulata,9.3.4,Type Unknown/Unrecorded,1.2,Ecosystem degradation,,,,,,,Ongoing,
3862790,133682,Acropora subulata,1.1,Housing & urban areas,1.1|1.2,Ecosystem conversion|Ecosystem degradation,,,,,,,Ongoing,
3862790,133682,Acropora subulata,1.3,Tourism & recreation areas,1.1|1.2,Ecosystem conversion|Ecosystem degradation,,,,,,,Ongoing,
3862790,133682,Acropora subulata,5.4.3,Unintentional effects: (subsistence/small scale) [harvest],2.1,Species mortality,,,,,,,Ongoing,
3862790,133682,Acropora subulata,5.4.1,Intentional use: (subsistence/small scale) [harvest],2.1,Species mortality,,,,,,,Ongoing,
3862790,133682,Acropora subulata,4.3,Shipping lanes,1.2,Ecosystem degradation,,,,,,,Ongoing,
3862790,133682,Acropora subulata,8.2.2,Named species,2.1,Species mortality,,Acanthaster planci,,,,,Ongoing,
3862790,133682,Acropora subulata,8.2.1,Unspecified species,2.1|2.2|2.3.2,Species mortality|Species disturbance|Competition,,,,,,,Ongoing,
12683468,63579,Rhizopsammia wellingtoni,11.3,Temperature extremes,1.2|2.1|2.2|2.3.8,Ecosystem degradation|Species mortality|Species disturbance|Other,,,,,,,Ongoing,
12683468,63579,Rhizopsammia wellingtoni,11.5,Other impacts,1.2|2.1,Ecosystem degradation|Species mortality,,,,,,,Ongoing,
12683651,63580,Tubastraea floreana,11.3,Temperature extremes,1.2|2.1|2.2|2.3.8,Ecosystem degradation|Species mortality|Species disturbance|Other,,,,,,,Ongoing,
12683651,63580,Tubastraea floreana,11.5,Other impacts,1.2|2.1,Ecosystem degradation|Species mortality,,,,,,,Ongoing,
54154226,132883,Goniastrea australensis,11.3,Temperature extremes,1.2|2.1|2.2|2.3.8,Ecosystem degradation|Species mortality|Species disturbance|Other,,,,,,,Ongoing,
54154226,132883,Goniastrea australensis,9.3.4,Type Unknown/Unrecorded,1.2,Ecosystem degradation,,,,,,,Ongoing,
54154226,132883,Goniastrea australensis,1.2,Commercial & industrial areas,1.1|1.2,Ecosystem conversion|Ecosystem degradation,,,,,,,Ongoing,
54154226,132883,Goniastrea australensis,4.3,Shipping lanes,1.2,Ecosystem degradation,,,,,,,Ongoing,
54154226,132883,Goniastrea australensis,9.1.3,Type Unknown/Unrecorded,1.2,Ecosystem degradation,,,,,,,Ongoing,
54154226,132883,Goniastrea australensis,11.4,Storms & flooding,1.2,Ecosystem degradation,,,,,,,Ongoing,
54154226,132883,Goniastrea australensis,9.3.2,"Soil erosion, sedimentation",1.2,Ecosystem degradation,,,,,,,Ongoing,
54154226,132883,Goniastrea australensis,1.3,Tourism & recreation areas,1.1|1.2,Ecosystem conversion|Ecosystem degradation,,,,,,,Ongoing,
54154226,132883,Goniastrea australensis,8.1.1,Unspecified species,2.1|2.2|2.3.2,Species mortality|Species disturbance|Competition,,,,,,,Ongoing,
54154226,132883,Goniastrea australensis,9.2.3,Type Unknown/Unrecorded,1.2,Ecosystem degradation,,,,,,,Ongoing,
54154226,132883,Goniastrea australensis,5.4.3,Unintentional effects: (subsistence/small scale) [harvest],2.1,Species mortality,,,,,,,Ongoing,
54154226,132883,Goniastrea australensis,1.1,Housing & urban areas,1.1|1.2,Ecosystem conversion|Ecosystem degradation,,,,,,,Ongoing,
54154226,132883,Goniastrea australensis,5.4.6,Motivation Unknown/Unrecorded,1.2,Ecosystem degradation,,,,,,,Ongoing,
54154226,132883,Goniastrea australensis,6.1,Recreational activities,2.2,Species disturbance,,,,,,,Ongoing,
54154226,132883,Goniastrea australensis,9.5.3,Ozone,1.2,Ecosystem degradation,,,,,,,Ongoing,
54154226,132883,Goniastrea australensis,5.4.1,Intentional use: (subsistence/small scale) [harvest],2.1,Species mortality,,,,,,,Ongoing,
54154226,132883,Goniastrea australensis,8.2.1,Unspecified species,2.1|2.2|2.3.2,Species mortality|Species disturbance|Competition,,,,,,,Ongoing,
54161679,132922,Montastrea curta,1.3,Tourism & recreation areas,1.1|1.2,Ecosystem conversion|Ecosystem degradation,,,,,,,Ongoing,
54161679,132922,Montastrea curta,1.2,Commercial & industrial areas,1.1|1.2,Ecosystem conversion|Ecosystem degradation,,,,,,,Ongoing,
54161679,132922,Montastrea curta,8.1.1,Unspecified species,2.1|2.2|2.3.2,Species mortality|Species disturbance|Competition,,,,,,,Ongoing,
54161679,132922,Montastrea curta,9.1.3,Type Unknown/Unrecorded,1.2,Ecosystem degradation,,,,,,,Ongoing,
54161679,132922,Montastrea curta,9.3.2,"Soil erosion, sedimentation",1.2,Ecosystem degradation,,,,,,,Ongoing,
54161679,132922,Montastrea curta,4.3,Shipping lanes,1.2,Ecosystem degradation,,,,,,,Ongoing,
54161679,132922,Montastrea curta,9.3.4,Type Unknown/Unrecorded,1.2,Ecosystem degradation,,,,,,,Ongoing,
54161679,132922,Montastrea curta,11.4,Storms & flooding,1.2,Ecosystem degradation,,,,,,,Ongoing,
54161679,132922,Montastrea curta,5.4.3,Unintentional effects: (subsistence/small scale) [harvest],2.1,Species mortality,,,,,,,Ongoing,
54161679,132922,Montastrea curta,5.4.1,Intentional use: (subsistence/small scale) [harvest],2.1,Species mortality,,,,,,,Ongoing,
54161679,132922,Montastrea curta,11.3,Temperature extremes,1.2|2.1|2.2|2.3.8,Ecosystem degradation|Species mortality|Species disturbance|Other,,,,,,,Ongoing,
54161679,132922,Montastrea curta,9.5.3,Ozone,1.2,Ecosystem degradation,,,,,,,Ongoing,
54161679,132922,Montastrea curta,1.1,Housing & urban areas,1.1|1.2,Ecosystem conversion|Ecosystem degradation,,,,,,,Ongoing,
54161679,132922,Montastrea curta,5.4.6,Motivation Unknown/Unrecorded,1.2,Ecosystem degradation,,,,,,,Ongoing,
54161679,132922,Montastrea curta,6.1,Recreational activities,2.2,Species disturbance,,,,,,,Ongoing,
54161679,132922,Montastrea curta,9.2.3,Type Unknown/Unrecorded,1.2,Ecosystem degradation,,,,,,,Ongoing,
54161679,132922,Montastrea curta,8.2.1,Unspecified species,2.1|2.2|2.3.2,Species mortality|Species disturbance|Competition,,,,,,,Ongoing,
54168256,132969,Acropora listeri,8.1.1,Unspecified species,2.1|2.2|2.3.2,Species mortality|Species disturbance|Competition,,,,,,,Ongoing,
54168256,132969,Acropora listeri,9.2.3,Type Unknown/Unrecorded,1.2,Ecosystem degradation,,,,,,,Ongoing,
54168256,132969,Acropora listeri,1.3,Tourism & recreation areas,1.1|1.2,Ecosystem conversion|Ecosystem degradation,,,,,,,Ongoing,
54168256,132969,Acropora listeri,11.3,Temperature extremes,1.2|2.1|2.2|2.3.8,Ecosystem degradation|Species mortality|Species disturbance|Other,,,,,,,Ongoing,
54168256,132969,Acropora listeri,1.2,Commercial & industrial areas,1.1|1.2,Ecosystem conversion|Ecosystem degradation,,,,,,,Ongoing,
54168256,132969,Acropora listeri,9.3.4,Type Unknown/Unrecorded,1.2,Ecosystem degradation,,,,,,,Ongoing,
54168256,132969,Acropora listeri,9.5.3,Ozone,1.2,Ecosystem degradation,,,,,,,Ongoing,
54168256,132969,Acropora listeri,9.1.3,Type Unknown/Unrecorded,1.2,Ecosystem degradation,,,,,,,Ongoing,
54168256,132969,Acropora listeri,6.1,Recreational activities,2.2,Species disturbance,,,,,,,Ongoing,
54168256,132969,Acropora listeri,5.4.1,Intentional use: (subsistence/small scale) [harvest],2.1,Species mortality,,,,,,,Ongoing,
54168256,132969,Acropora listeri,5.4.3,Unintentional effects: (subsistence/small scale) [harvest],2.1,Species mortality,,,,,,,Ongoing,
54168256,132969,Acropora listeri,4.3,Shipping lanes,1.2,Ecosystem degradation,,,,,,,Ongoing,
54168256,132969,Acropora listeri,11.4,Storms & flooding,1.2,Ecosystem degradation,,,,,,,Ongoing,
54168256,132969,Acropora listeri,1.1,Housing & urban areas,1.1|1.2,Ecosystem conversion|Ecosystem degradation,,,,,,,Ongoing,
54168256,132969,Acropora listeri,9.3.2,"Soil erosion, sedimentation",1.2,Ecosystem degradation,,,,,,,Ongoing,
54168256,132969,Acropora listeri,5.4.6,Motivation Unknown/Unrecorded,1.2,Ecosystem degradation,,,,,,,Ongoing,
54168256,132969,Acropora listeri,8.2.2,Named species,2.1,Species mortality,,Acanthaster planci,,,,,Ongoing,
54168256,132969,Acropora listeri,8.2.1,Unspecified species,2.1|2.2|2.3.2,Species mortality|Species disturbance|Competition,,,,,,,Ongoing,
54174146,132998,Acropora samoensis,11.3,Temperature extremes,1.2|2.1|2.2|2.3.8,Ecosystem degradation|Species mortality|Species disturbance|Other,,,,,,,Ongoing,
54174146,132998,Acropora samoensis,1.2,Commercial & industrial areas,1.1|1.2,Ecosystem conversion|Ecosystem degradation,,,,,,,Ongoing,
54174146,132998,Acropora samoensis,9.3.4,Type Unknown/Unrecorded,1.2,Ecosystem degradation,,,,,,,Ongoing,
54174146,132998,Acropora samoensis,4.3,Shipping lanes,1.2,Ecosystem degradation,,,,,,,Ongoing,
54174146,132998,Acropora samoensis,6.1,Recreational activities,2.2,Species disturbance,,,,,,,Ongoing,
54174146,132998,Acropora samoensis,5.4.6,Motivation Unknown/Unrecorded,1.2,Ecosystem degradation,,,,,,,Ongoing,
54174146,132998,Acropora samoensis,1.1,Housing & urban areas,1.1|1.2,Ecosystem conversion|Ecosystem degradation,,,,,,,Ongoing,
54174146,132998,Acropora samoensis,9.2.3,Type Unknown/Unrecorded,1.2,Ecosystem degradation,,,,,,,Ongoing,
54174146,132998,Acropora samoensis,5.4.3,Unintentional effects: (subsistence/small scale) [harvest],2.1,Species mortality,,,,,,,Ongoing,
54174146,132998,Acropora samoensis,9.3.2,"Soil erosion, sedimentation",1.2,Ecosystem degradation,,,,,,,Ongoing,
54174146,132998,Acropora samoensis,11.4,Storms & flooding,1.2,Ecosystem degradation,,,,,,,Ongoing,
54174146,132998,Acropora samoensis,8.1.1,Unspecified species,2.1|2.2|2.3.2,Species mortality|Species disturbance|Competition,,,,,,,Ongoing,
54174146,132998,Acropora samoensis,5.4.1,Intentional use: (subsistence/small scale) [harvest],2.1,Species mortality,,,,,,,Ongoing,
54174146,132998,Acropora samoensis,9.1.3,Type Unknown/Unrecorded,1.2,Ecosystem degradation,,,,,,,Ongoing,
54174146,132998,Acropora samoensis,1.3,Tourism & recreation areas,1.1|1.2,Ecosystem conversion|Ecosystem degradation,,,,,,,Ongoing,
54174146,132998,Acropora samoensis,9.5.3,Ozone,1.2,Ecosystem degradation,,,,,,,Ongoing,
54174146,132998,Acropora samoensis,8.2.2,Named species,2.1,Species mortality,,Acanthaster planci,,,,,Ongoing,
54174146,132998,Acropora samoensis,8.2.1,Unspecified species,2.1|2.2|2.3.2,Species mortality|Species disturbance|Competition,,,,,,,Ongoing,
54177921,133021,Acropora microphthalma,11.3,Temperature extremes,1.2|2.1|2.2|2.3.8,Ecosystem degradation|Species mortality|Species disturbance|Other,,,,,,,Ongoing,
54177921,133021,Acropora microphthalma,5.4.6,Motivation Unknown/Unrecorded,1.2,Ecosystem degradation,,,,,,,Ongoing,
54177921,133021,Acropora microphthalma,1.1,Housing & urban areas,1.1|1.2,Ecosystem conversion|Ecosystem degradation,,,,,,,Ongoing,
54177921,133021,Acropora microphthalma,9.5.3,Ozone,1.2,Ecosystem degradation,,,,,,,Ongoing,
54177921,133021,Acropora microphthalma,11.4,Storms & flooding,1.2,Ecosystem degradation,,,,,,,Ongoing,
54177921,133021,Acropora microphthalma,9.2.3,Type Unknown/Unrecorded,1.2,Ecosystem degradation,,,,,,,Ongoing,
54177921,133021,Acropora microphthalma,1.3,Tourism & recreation areas,1.1|1.2,Ecosystem conversion|Ecosystem degradation,,,,,,,Ongoing,
54177921,133021,Acropora microphthalma,9.3.2,"Soil erosion, sedimentation",1.2,Ecosystem degradation,,,,,,,Ongoing,
54177921,133021,Acropora microphthalma,8.1.1,Unspecified species,2.1|2.2|2.3.2,Species mortality|Species disturbance|Competition,,,,,,,Ongoing,
54177921,133021,Acropora microphthalma,9.1.3,Type Unknown/Unrecorded,1.2,Ecosystem degradation,,,,,,,Ongoing,
54177921,133021,Acropora microphthalma,9.3.4,Type Unknown/Unrecorded,1.2,Ecosystem degradation,,,,,,,Ongoing,
54177921,133021,Acropora microphthalma,5.4.3,Unintentional effects: (subsistence/small scale) [harvest],2.1,Species mortality,,,,,,,Ongoing,
54177921,133021,Acropora microphthalma,1.2,Commercial & industrial areas,1.1|1.2,Ecosystem conversion|Ecosystem degradation,,,,,,,Ongoing,
54177921,133021,Acropora microphthalma,4.3,Shipping lanes,1.2,Ecosystem degradation,,,,,,,Ongoing,
54177921,133021,Acropora microphthalma,6.1,Recreational activities,2.2,Species disturbance,,,,,,,Ongoing,
54177921,133021,Acropora microphthalma,5.4.1,Intentional use: (subsistence/small scale) [harvest],2.1,Species mortality,,,,,,,Ongoing,
54177921,133021,Acropora microphthalma,8.2.2,Named species,2.1,Species mortality,,Acanthaster planci,,,,,Ongoing,
54177921,133021,Acropora microphthalma,8.2.1,Unspecified species,2.1|2.2|2.3.2,Species mortality|Species disturbance|Competition,,,,,,,Ongoing,
54181084,133029,Favia rotumana,9.5.3,Ozone,1.2,Ecosystem degradation,,,,,,,Ongoing,
54181084,133029,Favia rotumana,6.1,Recreational activities,2.2,Species disturbance,,,,,,,Ongoing,
54181084,133029,Favia rotumana,11.3,Temperature extremes,1.2|2.1|2.2|2.3.8,Ecosystem degradation|Species mortality|Species disturbance|Other,,,,,,,Ongoing,
54181084,133029,Favia rotumana,5.4.6,Motivation Unknown/Unrecorded,1.2,Ecosystem degradation,,,,,,,Ongoing,
54181084,133029,Favia rotumana,9.3.4,Type Unknown/Unrecorded,1.2,Ecosystem degradation,,,,,,,Ongoing,
54181084,133029,Favia rotumana,4.3,Shipping lanes,1.2,Ecosystem degradation,,,,,,,Ongoing,
54181084,133029,Favia rotumana,1.2,Commercial & industrial areas,1.1|1.2,Ecosystem conversion|Ecosystem degradation,,,,,,,Ongoing,
54181084,133029,Favia rotumana,5.4.3,Unintentional effects: (subsistence/small scale) [harvest],2.1,Species mortality,,,,,,,Ongoing,
54181084,133029,Favia rotumana,1.3,Tourism & recreation areas,1.1|1.2,Ecosystem conversion|Ecosystem degradation,,,,,,,Ongoing,
54181084,133029,Favia rotumana,8.1.1,Unspecified species,2.1|2.2|2.3.2,Species mortality|Species disturbance|Competition,,,,,,,Ongoing,
54181084,133029,Favia rotumana,9.1.3,Type Unknown/Unrecorded,1.2,Ecosystem degradation,,,,,,,Ongoing,
54181084,133029,Favia rotumana,9.3.2,"Soil erosion, sedimentation",1.2,Ecosystem degradation,,,,,,,Ongoing,
54181084,133029,Favia rotumana,5.4.1,Intentional use: (subsistence/small scale) [harvest],2.1,Species mortality,,,,,,,Ongoing,
54181084,133029,Favia rotumana,1.1,Housing & urban areas,1.1|1.2,Ecosystem conversion|Ecosystem degradation,,,,,,,Ongoing,
54181084,133029,Favia rotumana,11.4,Storms & flooding,1.2,Ecosystem degradation,,,,,,,Ongoing,
54181084,133029,Favia rotumana,9.2.3,Type Unknown/Unrecorded,1.2,Ecosystem degradation,,,,,,,Ongoing,
54181084,133029,Favia rotumana,8.2.1,Unspecified species,2.1|2.2|2.3.2,Species mortality|Species disturbance|Competition,,,,,,,Ongoing,
54194183,133090,Leptastrea purpurea,1.2,Commercial & industrial areas,1.1|1.2,Ecosystem conversion|Ecosystem degradation,,,,,,,Ongoing,
54194183,133090,Leptastrea purpurea,5.4.1,Intentional use: (subsistence/small scale) [harvest],2.1,Species mortality,,,,,,,Ongoing,
54194183,133090,Leptastrea purpurea,9.3.4,Type Unknown/Unrecorded,1.2,Ecosystem degradation,,,,,,,Ongoing,
54194183,133090,Leptastrea purpurea,5.4.3,Unintentional effects: (subsistence/small scale) [harvest],2.1,Species mortality,,,,,,,Ongoing,
54194183,133090,Leptastrea purpurea,9.5.3,Ozone,1.2,Ecosystem degradation,,,,,,,Ongoing,
54194183,133090,Leptastrea purpurea,6.1,Recreational activities,2.2,Species disturbance,,,,,,,Ongoing,
54194183,133090,Leptastrea purpurea,9.2.3,Type Unknown/Unrecorded,1.2,Ecosystem degradation,,,,,,,Ongoing,
54194183,133090,Leptastrea purpurea,11.3,Temperature extremes,1.2|2.1|2.2|2.3.8,Ecosystem degradation|Species mortality|Species disturbance|Other,,,,,,,Ongoing,
54194183,133090,Leptastrea purpurea,1.1,Housing & urban areas,1.1|1.2,Ecosystem conversion|Ecosystem degradation,,,,,,,Ongoing,
54194183,133090,Leptastrea purpurea,5.4.6,Motivation Unknown/Unrecorded,1.2,Ecosystem degradation,,,,,,,Ongoing,
54194183,133090,Leptastrea purpurea,11.4,Storms & flooding,1.2,Ecosystem degradation,,,,,,,Ongoing,
54194183,133090,Leptastrea purpurea,9.3.2,"Soil erosion, sedimentation",1.2,Ecosystem degradation,,,,,,,Ongoing,
54194183,133090,Leptastrea purpurea,1.3,Tourism & recreation areas,1.1|1.2,Ecosystem conversion|Ecosystem degradation,,,,,,,Ongoing,
54194183,133090,Leptastrea purpurea,9.1.3,Type Unknown/Unrecorded,1.2,Ecosystem degradation,,,,,,,Ongoing,
54194183,133090,Leptastrea purpurea,4.3,Shipping lanes,1.2,Ecosystem degradation,,,,,,,Ongoing,
54194183,133090,Leptastrea purpurea,8.1.1,Unspecified species,2.1|2.2|2.3.2,Species mortality|Species disturbance|Competition,,,,,,,Ongoing,
54194183,133090,Leptastrea purpurea,8.2.1,Unspecified species,2.1|2.2|2.3.2,Species mortality|Species disturbance|Competition,,,,,,,Ongoing,
54216304,133220,Montipora caliculata,5.4.6,Motivation Unknown/Unrecorded,1.2,Ecosystem degradation,,,,,,,Ongoing,
54216304,133220,Montipora caliculata,4.3,Shipping lanes,1.2,Ecosystem degradation,,,,,,,Ongoing,
54216304,133220,Montipora caliculata,11.3,Temperature extremes,1.2|2.1|2.2|2.3.8,Ecosystem degradation|Species mortality|Species disturbance|Other,,,,,,,Ongoing,
54216304,133220,Montipora caliculata,1.1,Housing & urban areas,1.1|1.2,Ecosystem conversion|Ecosystem degradation,,,,,,,Ongoing,
54216304,133220,Montipora caliculata,5.4.1,Intentional use: (subsistence/small scale) [harvest],2.1,Species mortality,,,,,,,Ongoing,
54216304,133220,Montipora caliculata,8.1.1,Unspecified species,2.1|2.2|2.3.2,Species mortality|Species disturbance|Competition,,,,,,,Ongoing,
54216304,133220,Montipora caliculata,9.3.2,"Soil erosion, sedimentation",1.2,Ecosystem degradation,,,,,,,Ongoing,
54216304,133220,Montipora caliculata,9.2.3,Type Unknown/Unrecorded,1.2,Ecosystem degradation,,,,,,,Ongoing,
54216304,133220,Montipora caliculata,11.4,Storms & flooding,1.2,Ecosystem degradation,,,,,,,Ongoing,
54216304,133220,Montipora caliculata,5.4.3,Unintentional effects: (subsistence/small scale) [harvest],2.1,Species mortality,,,,,,,Ongoing,
54216304,133220,Montipora caliculata,1.2,Commercial & industrial areas,1.1|1.2,Ecosystem conversion|Ecosystem degradation,,,,,,,Ongoing,
54216304,133220,Montipora caliculata,9.3.4,Type Unknown/Unrecorded,1.2,Ecosystem degradation,,,,,,,Ongoing,
54216304,133220,Montipora caliculata,1.3,Tourism & recreation areas,1.1|1.2,Ecosystem conversion|Ecosystem degradation,,,,,,,Ongoing,
54216304,133220,Montipora caliculata,9.1.3,Type Unknown/Unrecorded,1.2,Ecosystem degradation,,,,,,,Ongoing,
54216304,133220,Montipora caliculata,6.1,Recreational activities,2.2,Species disturbance,,,,,,,Ongoing,
54216304,133220,Montipora caliculata,9.5.3,Ozone,1.2,Ecosystem degradation,,,,,,,Ongoing,
54216304,133220,Montipora caliculata,8.2.2,Named species,2.1,Species mortality,,Acanthaster planci,,,,,Ongoing,
54216304,133220,Montipora caliculata,8.2.1,Unspecified species,2.1|2.2|2.3.2,Species mortality|Species disturbance|Competition,,,,,,,Ongoing,
54219368,133239,Acropora nasuta,5.4.1,Intentional use: (subsistence/small scale) [harvest],2.1,Species mortality,,,,,,,Ongoing,
54219368,133239,Acropora nasuta,1.3,Tourism & recreation areas,1.1|1.2,Ecosystem conversion|Ecosystem degradation,,,,,,,Ongoing,
54219368,133239,Acropora nasuta,11.3,Temperature extremes,1.2|2.1|2.2|2.3.8,Ecosystem degradation|Species mortality|Species disturbance|Other,,,,,,,Ongoing,
54219368,133239,Acropora nasuta,11.4,Storms & flooding,1.2,Ecosystem degradation,,,,,,,Ongoing,
54219368,133239,Acropora nasuta,9.5.3,Ozone,1.2,Ecosystem degradation,,,,,,,Ongoing,
54219368,133239,Acropora nasuta,9.1.3,Type Unknown/Unrecorded,1.2,Ecosystem degradation,,,,,,,Ongoing,
54219368,133239,Acropora nasuta,9.3.4,Type Unknown/Unrecorded,1.2,Ecosystem degradation,,,,,,,Ongoing,
54219368,133239,Acropora nasuta,5.4.3,Unintentional effects: (subsistence/small scale) [harvest],2.1,Species mortality,,,,,,,Ongoing,
54219368,133239,Acropora nasuta,1.2,Commercial & industrial areas,1.1|1.2,Ecosystem conversion|Ecosystem degradation,,,,,,,Ongoing,
54219368,133239,Acropora nasuta,6.1,Recreational activities,2.2,Species disturbance,,,,,,,Ongoing,
54219368,133239,Acropora nasuta,4.3,Shipping lanes,1.2,Ecosystem degradation,,,,,,,Ongoing,
54219368,133239,Acropora nasuta,1.1,Housing & urban areas,1.1|1.2,Ecosystem conversion|Ecosystem degradation,,,,,,,Ongoing,
54219368,133239,Acropora nasuta,5.4.6,Motivation Unknown/Unrecorded,1.2,Ecosystem degradation,,,,,,,Ongoing,
54219368,133239,Acropora nasuta,9.2.3,Type Unknown/Unrecorded,1.2,Ecosystem degradation,,,,,,,Ongoing,
54219368,133239,Acropora nasuta,9.3.2,"Soil erosion, sedimentation",1.2,Ecosystem degradation,,,,,,,Ongoing,
54219368,133239,Acropora nasuta,8.1.1,Unspecified species,2.1|2.2|2.3.2,Species mortality|Species disturbance|Competition,,,,,,,Ongoing,
54219368,133239,Acropora nasuta,8.2.2,Named species,2.1,Species mortality,,Acanthaster planci,,,,,Ongoing,
54219368,133239,Acropora nasuta,8.2.1,Unspecified species,2.1|2.2|2.3.2,Species mortality|Species disturbance|Competition,,,,,,,Ongoing,
54222944,133248,Acropora robusta,1.3,Tourism & recreation areas,1.1|1.2,Ecosystem conversion|Ecosystem degradation,,,,,,,Ongoing,
54222944,133248,Acropora robusta,9.3.2,"Soil erosion, sedimentation",1.2,Ecosystem degradation,,,,,,,Ongoing,
54222944,133248,Acropora robusta,8.1.1,Unspecified species,2.1|2.2|2.3.2,Species mortality|Species disturbance|Competition,,,,,,,Ongoing,
54222944,133248,Acropora robusta,5.4.6,Motivation Unknown/Unrecorded,1.2,Ecosystem degradation,,,,,,,Ongoing,
54222944,133248,Acropora robusta,9.1.3,Type Unknown/Unrecorded,1.2,Ecosystem degradation,,,,,,,Ongoing,
54222944,133248,Acropora robusta,1.2,Commercial & industrial areas,1.1|1.2,Ecosystem conversion|Ecosystem degradation,,,,,,,Ongoing,
54222944,133248,Acropora robusta,4.3,Shipping lanes,1.2,Ecosystem degradation,,,,,,,Ongoing,
54222944,133248,Acropora robusta,9.3.4,Type Unknown/Unrecorded,1.2,Ecosystem degradation,,,,,,,Ongoing,
54222944,133248,Acropora robusta,6.1,Recreational activities,2.2,Species disturbance,,,,,,,Ongoing,
54222944,133248,Acropora robusta,9.5.3,Ozone,1.2,Ecosystem degradation,,,,,,,Ongoing,
54222944,133248,Acropora robusta,5.4.1,Intentional use: (subsistence/small scale) [harvest],2.1,Species mortality,,,,,,,Ongoing,
54222944,133248,Acropora robusta,11.4,Storms & flooding,1.2,Ecosystem degradation,,,,,,,Ongoing,
54222944,133248,Acropora robusta,5.4.3,Unintentional effects: (subsistence/small scale) [harvest],2.1,Species mortality,,,,,,,Ongoing,
54222944,133248,Acropora robusta,9.2.3,Type Unknown/Unrecorded,1.2,Ecosystem degradation,,,,,,,Ongoing,
54222944,133248,Acropora robusta,11.3,Temperature extremes,2.1,Species mortality,,,,,,,Ongoing,
54222944,133248,Acropora robusta,1.1,Housing & urban areas,1.1|1.2,Ecosystem conversion|Ecosystem degradation,,,,,,,Ongoing,
54222944,133248,Acropora robusta,8.2.2,Named species,2.1,Species mortality,,Acanthaster planci,,,,,Ongoing,
54222944,133248,Acropora robusta,8.2.1,Unspecified species,2.1|2.2|2.3.2,Species mortality|Species disturbance|Competition,,,,,,,Ongoing,
54227968,133284,Plesiastrea versipora,9.3.4,Type Unknown/Unrecorded,1.2,Ecosystem degradation,,,,,,,Ongoing,
54227968,133284,Plesiastrea versipora,5.4.1,Intentional use: (subsistence/small scale) [harvest],2.1,Species mortality,,,,,,,Ongoing,
54227968,133284,Plesiastrea versipora,1.2,Commercial & industrial areas,1.1|1.2,Ecosystem conversion|Ecosystem degradation,,,,,,,Ongoing,
54227968,133284,Plesiastrea versipora,4.3,Shipping lanes,1.2,Ecosystem degradation,,,,,,,Ongoing,
54227968,133284,Plesiastrea versipora,9.5.3,Ozone,1.2,Ecosystem degradation,,,,,,,Ongoing,
54227968,133284,Plesiastrea versipora,6.1,Recreational activities,2.2,Species disturbance,,,,,,,Ongoing,
54227968,133284,Plesiastrea versipora,9.2.3,Type Unknown/Unrecorded,1.2,Ecosystem degradation,,,,,,,Ongoing,
54227968,133284,Plesiastrea versipora,11.4,Storms & flooding,1.2,Ecosystem degradation,,,,,,,Ongoing,
54227968,133284,Plesiastrea versipora,1.1,Housing & urban areas,1.1|1.2,Ecosystem conversion|Ecosystem degradation,,,,,,,Ongoing,
54227968,133284,Plesiastrea versipora,5.4.6,Motivation Unknown/Unrecorded,1.2,Ecosystem degradation,,,,,,,Ongoing,
54227968,133284,Plesiastrea versipora,11.3,Temperature extremes,1.2|2.1|2.2|2.3.8,Ecosystem degradation|Species mortality|Species disturbance|Other,,,,,,,Ongoing,
54227968,133284,Plesiastrea versipora,9.3.2,"Soil erosion, sedimentation",1.2,Ecosystem degradation,,,,,,,Ongoing,
54227968,133284,Plesiastrea versipora,5.4.3,Unintentional effects: (subsistence/small scale) [harvest],2.1,Species mortality,,,,,,,Ongoing,
54227968,133284,Plesiastrea versipora,1.3,Tourism & recreation areas,1.1|1.2,Ecosystem conversion|Ecosystem degradation,,,,,,,Ongoing,
54227968,133284,Plesiastrea versipora,8.1.1,Unspecified species,2.1|2.2|2.3.2,Species mortality|Species disturbance|Competition,,,,,,,Ongoing,
54227968,133284,Plesiastrea versipora,9.1.3,Type Unknown/Unrecorded,1.2,Ecosystem degradation,,,,,,,Ongoing,
54227968,133284,Plesiastrea versipora,8.2.1,Unspecified species,2.1|2.2|2.3.2,Species mortality|Species disturbance|Competition,,,,,,,Ongoing,
54230315,133292,Astreopora myriophthalma,4.3,Shipping lanes,1.2,Ecosystem degradation,,,,,,,Ongoing,
54230315,133292,Astreopora myriophthalma,6.1,Recreational activities,2.2,Species disturbance,,,,,,,Ongoing,
54230315,133292,Astreopora myriophthalma,5.4.6,Motivation Unknown/Unrecorded,1.2,Ecosystem degradation,,,,,,,Ongoing,
54230315,133292,Astreopora myriophthalma,5.4.1,Intentional use: (subsistence/small scale) [harvest],2.1,Species mortality,,,,,,,Ongoing,
54230315,133292,Astreopora myriophthalma,9.5.3,Ozone,1.2,Ecosystem degradation,,,,,,,Ongoing,
54230315,133292,Astreopora myriophthalma,11.3,Temperature extremes,1.2|2.1|2.2|2.3.8,Ecosystem degradation|Species mortality|Species disturbance|Other,,,,,,,Ongoing,
54230315,133292,Astreopora myriophthalma,1.2,Commercial & industrial areas,1.1|1.2,Ecosystem conversion|Ecosystem degradation,,,,,,,Ongoing,
54230315,133292,Astreopora myriophthalma,9.3.4,Type Unknown/Unrecorded,1.2,Ecosystem degradation,,,,,,,Ongoing,
54230315,133292,Astreopora myriophthalma,1.3,Tourism & recreation areas,1.1|1.2,Ecosystem conversion|Ecosystem degradation,,,,,,,Ongoing,
54230315,133292,Astreopora myriophthalma,9.1.3,Type Unknown/Unrecorded,1.2,Ecosystem degradation,,,,,,,Ongoing,
54230315,133292,Astreopora myriophthalma,8.1.1,Unspecified species,2.1|2.2|2.3.2,Species mortality|Species disturbance|Competition,,,,,,,Ongoing,
54230315,133292,Astreopora myriophthalma,9.3.2,"Soil erosion, sedimentation",1.2,Ecosystem degradation,,,,,,,Ongoing,
54230315,133292,Astreopora myriophthalma,11.4,Storms & flooding,1.2,Ecosystem degradation,,,,,,,Ongoing,
54230315,133292,Astreopora myriophthalma,9.2.3,Type Unknown/Unrecorded,1.2,Ecosystem degradation,,,,,,,Ongoing,
54230315,133292,Astreopora myriophthalma,5.4.3,Unintentional effects: (subsistence/small scale) [harvest],2.1,Species mortality,,,,,,,Ongoing,
54230315,133292,Astreopora myriophthalma,1.1,Housing & urban areas,1.1|1.2,Ecosystem conversion|Ecosystem degradation,,,,,,,Ongoing,
54230315,133292,Astreopora myriophthalma,8.2.1,Unspecified species,2.1|2.2|2.3.2,Species mortality|Species disturbance|Competition,,,,,,,Ongoing,
54231035,133293,Acropora valida,5.4.6,Motivation Unknown/Unrecorded,1.2,Ecosystem degradation,,,,,,,Ongoing,
54231035,133293,Acropora valida,11.3,Temperature extremes,1.2|2.1|2.2|2.3.8,Ecosystem degradation|Species mortality|Species disturbance|Other,,,,,,,Ongoing,
54231035,133293,Acropora valida,9.1.3,Type Unknown/Unrecorded,1.2,Ecosystem degradation,,,,,,,Ongoing,
54231035,133293,Acropora valida,9.3.4,Type Unknown/Unrecorded,1.2,Ecosystem degradation,,,,,,,Ongoing,
54231035,133293,Acropora valida,9.3.2,"Soil erosion, sedimentation",1.2,Ecosystem degradation,,,,,,,Ongoing,
54231035,133293,Acropora valida,5.4.3,Unintentional effects: (subsistence/small scale) [harvest],2.1,Species mortality,,,,,,,Ongoing,
54231035,133293,Acropora valida,1.1,Housing & urban areas,1.1|1.2,Ecosystem conversion|Ecosystem degradation,,,,,,,Ongoing,
54231035,133293,Acropora valida,1.2,Commercial & industrial areas,1.1|1.2,Ecosystem conversion|Ecosystem degradation,,,,,,,Ongoing,
54231035,133293,Acropora valida,5.4.1,Intentional use: (subsistence/small scale) [harvest],2.1,Species mortality,,,,,,,Ongoing,
54231035,133293,Acropora valida,4.3,Shipping lanes,1.2,Ecosystem degradation,,,,,,,Ongoing,
54231035,133293,Acropora valida,6.1,Recreational activities,2.2,Species disturbance,,,,,,,Ongoing,
54231035,133293,Acropora valida,1.3,Tourism & recreation areas,1.1|1.2,Ecosystem conversion|Ecosystem degradation,,,,,,,Ongoing,
54231035,133293,Acropora valida,8.1.1,Unspecified species,2.1|2.2|2.3.2,Species mortality|Species disturbance|Competition,,,,,,,Ongoing,
54231035,133293,Acropora valida,9.5.3,Ozone,1.2,Ecosystem degradation,,,,,,,Ongoing,
54231035,133293,Acropora valida,11.4,Storms & flooding,1.2,Ecosystem degradation,,,,,,,Ongoing,
54231035,133293,Acropora valida,9.2.3,Type Unknown/Unrecorded,1.2,Ecosystem degradation,,,,,,,Ongoing,
54231035,133293,Acropora valida,8.2.2,Named species,2.1,Species mortality,,Acanthaster planci,,,,,Ongoing,
54231035,133293,Acropora valida,8.2.1,Unspecified species,2.1|2.2|2.3.2,Species mortality|Species disturbance|Competition,,,,,,,Ongoing,
54232897,133303,Acropora lutkeni,9.3.2,"Soil erosion, sedimentation",1.2,Ecosystem degradation,,,,,,,Ongoing,
54232897,133303,Acropora lutkeni,9.2.3,Type Unknown/Unrecorded,1.2,Ecosystem degradation,,,,,,,Ongoing,
54232897,133303,Acropora lutkeni,4.3,Shipping lanes,1.2,Ecosystem degradation,,,,,,,Ongoing,
54232897,133303,Acropora lutkeni,11.4,Storms & flooding,1.2,Ecosystem degradation,,,,,,,Ongoing,
54232897,133303,Acropora lutkeni,9.1.3,Type Unknown/Unrecorded,1.2,Ecosystem degradation,,,,,,,Ongoing,
54232897,133303,Acropora lutkeni,1.2,Commercial & industrial areas,1.1|1.2,Ecosystem conversion|Ecosystem degradation,,,,,,,Ongoing,
54232897,133303,Acropora lutkeni,5.4.1,Intentional use: (subsistence/small scale) [harvest],2.1,Species mortality,,,,,,,Ongoing,
54232897,133303,Acropora lutkeni,9.3.4,Type Unknown/Unrecorded,1.2,Ecosystem degradation,,,,,,,Ongoing,
54232897,133303,Acropora lutkeni,6.1,Recreational activities,2.2,Species disturbance,,,,,,,Ongoing,
54232897,133303,Acropora lutkeni,5.4.3,Unintentional effects: (subsistence/small scale) [harvest],2.1,Species mortality,,,,,,,Ongoing,
54232897,133303,Acropora lutkeni,11.3,Temperature extremes,1.2|2.1|2.2|2.3.8,Ecosystem degradation|Species mortality|Species disturbance|Other,,,,,,,Ongoing,
54232897,133303,Acropora lutkeni,1.1,Housing & urban areas,1.1|1.2,Ecosystem conversion|Ecosystem degradation,,,,,,,Ongoing,
54232897,133303,Acropora lutkeni,5.4.6,Motivation Unknown/Unrecorded,1.2,Ecosystem degradation,,,,,,,Ongoing,
54232897,133303,Acropora lutkeni,9.5.3,Ozone,1.2,Ecosystem degradation,,,,,,,Ongoing,
54232897,133303,Acropora lutkeni,8.1.1,Unspecified species,2.1|2.2|2.3.2,Species mortality|Species disturbance|Competition,,,,,,,Ongoing,
54232897,133303,Acropora lutkeni,1.3,Tourism & recreation areas,1.1|1.2,Ecosystem conversion|Ecosystem degradation,,,,,,,Ongoing,
54232897,133303,Acropora lutkeni,8.2.2,Named species,2.1,Species mortality,,Acanthaster planci,,,,,Ongoing,
54232897,133303,Acropora lutkeni,8.2.1,Unspecified species,2.1|2.2|2.3.2,Species mortality|Species disturbance|Competition,,,,,,,Ongoing,
54258298,133420,Montipora grisea,8.1.1,Unspecified species,2.1|2.2|2.3.2,Species mortality|Species disturbance|Competition,,,,,,,Ongoing,
54258298,133420,Montipora grisea,9.3.2,"Soil erosion, sedimentation",1.2,Ecosystem degradation,,,,,,,Ongoing,
54258298,133420,Montipora grisea,1.3,Tourism & recreation areas,1.1|1.2,Ecosystem conversion|Ecosystem degradation,,,,,,,Ongoing,
54258298,133420,Montipora grisea,11.4,Storms & flooding,1.2,Ecosystem degradation,,,,,,,Ongoing,
54258298,133420,Montipora grisea,1.1,Housing & urban areas,1.1|1.2,Ecosystem conversion|Ecosystem degradation,,,,,,,Ongoing,
54258298,133420,Montipora grisea,9.2.3,Type Unknown/Unrecorded,1.2,Ecosystem degradation,,,,,,,Ongoing,
54258298,133420,Montipora grisea,4.3,Shipping lanes,1.2,Ecosystem degradation,,,,,,,Ongoing,
54258298,133420,Montipora grisea,5.4.3,Unintentional effects: (subsistence/small scale) [harvest],2.1,Species mortality,,,,,,,Ongoing,
54258298,133420,Montipora grisea,5.4.6,Motivation Unknown/Unrecorded,1.2,Ecosystem degradation,,,,,,,Ongoing,
54258298,133420,Montipora grisea,11.3,Temperature extremes,1.2|2.1|2.2|2.3.8,Ecosystem degradation|Species mortality|Species disturbance|Other,,,,,,,Ongoing,
54258298,133420,Montipora grisea,6.1,Recreational activities,2.2,Species disturbance,,,,,,,Ongoing,
54258298,133420,Montipora grisea,9.5.3,Ozone,1.2,Ecosystem degradation,,,,,,,Ongoing,
54258298,133420,Montipora grisea,5.4.1,Intentional use: (subsistence/small scale) [harvest],2.1,Species mortality,,,,,,,Ongoing,
54258298,133420,Montipora grisea,9.3.4,Type Unknown/Unrecorded,1.2,Ecosystem degradation,,,,,,,Ongoing,
54258298,133420,Montipora grisea,1.2,Commercial & industrial areas,1.1|1.2,Ecosystem conversion|Ecosystem degradation,,,,,,,Ongoing,
54258298,133420,Montipora grisea,9.1.3,Type Unknown/Unrecorded,1.2,Ecosystem degradation,,,,,,,Ongoing,
54258298,133420,Montipora grisea,8.2.2,Named species,2.1,Species mortality,,Acanthaster planci,,,,,Ongoing,
54258298,133420,Montipora grisea,8.2.1,Unspecified species,2.1|2.2|2.3.2,Species mortality|Species disturbance|Competition,,,,,,,Ongoing,
54260807,133438,Montipora foveolata,6.1,Recreational activities,2.2,Species disturbance,,,,,,,Ongoing,
54260807,133438,Montipora foveolata,9.3.4,Type Unknown/Unrecorded,1.2,Ecosystem degradation,,,,,,,Ongoing,
54260807,133438,Montipora foveolata,1.2,Commercial & industrial areas,1.1|1.2,Ecosystem conversion|Ecosystem degradation,,,,,,,Ongoing,
54260807,133438,Montipora foveolata,5.4.3,Unintentional effects: (subsistence/small scale) [harvest],2.1,Species mortality,,,,,,,Ongoing,
54260807,133438,Montipora foveolata,9.5.3,Ozone,1.2,Ecosystem degradation,,,,,,,Ongoing,
54260807,133438,Montipora foveolata,1.1,Housing & urban areas,1.1|1.2,Ecosystem conversion|Ecosystem degradation,,,,,,,Ongoing,
54260807,133438,Montipora foveolata,5.4.6,Motivation Unknown/Unrecorded,1.2,Ecosystem degradation,,,,,,,Ongoing,
54260807,133438,Montipora foveolata,9.2.3,Type Unknown/Unrecorded,1.2,Ecosystem degradation,,,,,,,Ongoing,
54260807,133438,Montipora foveolata,4.3,Shipping lanes,1.2,Ecosystem degradation,,,,,,,Ongoing,
54260807,133438,Montipora foveolata,8.1.1,Unspecified species,2.1|2.2|2.3.2,Species mortality|Species disturbance|Competition,,,,,,,Ongoing,
54260807,133438,Montipora foveolata,9.1.3,Type Unknown/Unrecorded,1.2,Ecosystem degradation,,,,,,,Ongoing,
54260807,133438,Montipora foveolata,9.3.2,"Soil erosion, sedimentation",1.2,Ecosystem degradation,,,,,,,Ongoing,
54260807,133438,Montipora foveolata,5.4.1,Intentional use: (subsistence/small scale) [harvest],2.1,Species mortality,,,,,,,Ongoing,
54260807,133438,Montipora foveolata,11.4,Storms & flooding,1.2,Ecosystem degradation,,,,,,,Ongoing,
54260807,133438,Montipora foveolata,1.3,Tourism & recreation areas,1.1|1.2,Ecosystem conversion|Ecosystem degradation,,,,,,,Ongoing,
54260807,133438,Montipora foveolata,11.3,Temperature extremes,1.2|2.1|2.2|2.3.8,Ecosystem degradation|Species mortality|Species disturbance|Other,,,,,,,Ongoing,
54260807,133438,Montipora foveolata,8.2.2,Named species,2.1,Species mortality,,Acanthaster planci,,,,,Ongoing,
54260807,133438,Montipora foveolata,8.2.1,Unspecified species,2.1|2.2|2.3.2,Species mortality|Species disturbance|Competition,,,,,,,Ongoing,
54290854,133593,Favia stelligera,9.3.2,"Soil erosion, sedimentation",1.2,Ecosystem degradation,,,,,,,Ongoing,
54290854,133593,Favia stelligera,5.4.6,Motivation Unknown/Unrecorded,1.2,Ecosystem degradation,,,,,,,Ongoing,
54290854,133593,Favia stelligera,1.1,Housing & urban areas,1.1|1.2,Ecosystem conversion|Ecosystem degradation,,,,,,,Ongoing,
54290854,133593,Favia stelligera,11.4,Storms & flooding,1.2,Ecosystem degradation,,,,,,,Ongoing,
54290854,133593,Favia stelligera,5.4.1,Intentional use: (subsistence/small scale) [harvest],2.1,Species mortality,,,,,,,Ongoing,
54290854,133593,Favia stelligera,1.2,Commercial & industrial areas,1.1|1.2,Ecosystem conversion|Ecosystem degradation,,,,,,,Ongoing,
54290854,133593,Favia stelligera,9.3.4,Type Unknown/Unrecorded,1.2,Ecosystem degradation,,,,,,,Ongoing,
54290854,133593,Favia stelligera,9.1.3,Type Unknown/Unrecorded,1.2,Ecosystem degradation,,,,,,,Ongoing,
54290854,133593,Favia stelligera,9.5.3,Ozone,1.2,Ecosystem degradation,,,,,,,Ongoing,
54290854,133593,Favia stelligera,4.3,Shipping lanes,1.2,Ecosystem degradation,,,,,,,Ongoing,
54290854,133593,Favia stelligera,6.1,Recreational activities,2.2,Species disturbance,,,,,,,Ongoing,
54290854,133593,Favia stelligera,1.3,Tourism & recreation areas,1.1|1.2,Ecosystem conversion|Ecosystem degradation,,,,,,,Ongoing,
54290854,133593,Favia stelligera,8.1.1,Unspecified species,2.1|2.2|2.3.2,Species mortality|Species disturbance|Competition,,,,,,,Ongoing,
54290854,133593,Favia stelligera,11.3,Temperature extremes,1.2|2.1|2.2|2.3.8,Ecosystem degradation|Species mortality|Species disturbance|Other,,,,,,,Ongoing,
54290854,133593,Favia stelligera,5.4.3,Unintentional effects: (subsistence/small scale) [harvest],2.1,Species mortality,,,,,,,Ongoing,
54290854,133593,Favia stelligera,9.2.3,Type Unknown/Unrecorded,1.2,Ecosystem degradation,,,,,,,Ongoing,
54290854,133593,Favia stelligera,8.2.1,Unspecified species,2.1|2.2|2.3.2,Species mortality|Species disturbance|Competition,,,,,,,Ongoing,
54293583,133616,Favia matthaii,5.4.1,Intentional use: (subsistence/small scale) [harvest],2.1,Species mortality,,,,,,,Ongoing,
54293583,133616,Favia matthaii,1.2,Commercial & industrial areas,1.1|1.2,Ecosystem conversion|Ecosystem degradation,,,,,,,Ongoing,
54293583,133616,Favia matthaii,9.3.4,Type Unknown/Unrecorded,1.2,Ecosystem degradation,,,,,,,Ongoing,
54293583,133616,Favia matthaii,1.1,Housing & urban areas,1.1|1.2,Ecosystem conversion|Ecosystem degradation,,,,,,,Ongoing,
54293583,133616,Favia matthaii,5.4.6,Motivation Unknown/Unrecorded,1.2,Ecosystem degradation,,,,,,,Ongoing,
54293583,133616,Favia matthaii,9.2.3,Type Unknown/Unrecorded,1.2,Ecosystem degradation,,,,,,,Ongoing,
54293583,133616,Favia matthaii,5.4.3,Unintentional effects: (subsistence/small scale) [harvest],2.1,Species mortality,,,,,,,Ongoing,
54293583,133616,Favia matthaii,9.3.2,"Soil erosion, sedimentation",1.2,Ecosystem degradation,,,,,,,Ongoing,
54293583,133616,Favia matthaii,8.1.1,Unspecified species,2.1|2.2|2.3.2,Species mortality|Species disturbance|Competition,,,,,,,Ongoing,
54293583,133616,Favia matthaii,11.4,Storms & flooding,1.2,Ecosystem degradation,,,,,,,Ongoing,
54293583,133616,Favia matthaii,11.3,Temperature extremes,1.2|2.1|2.2|2.3.8,Ecosystem degradation|Species mortality|Species disturbance|Other,,,,,,,Ongoing,
54293583,133616,Favia matthaii,1.3,Tourism & recreation areas,1.1|1.2,Ecosystem conversion|Ecosystem degradation,,,,,,,Ongoing,
54293583,133616,Favia matthaii,4.3,Shipping lanes,1.2,Ecosystem degradation,,,,,,,Ongoing,
54293583,133616,Favia matthaii,6.1,Recreational activities,2.2,Species disturbance,,,,,,,Ongoing,
54293583,133616,Favia matthaii,9.5.3,Ozone,1.2,Ecosystem degradation,,,,,,,Ongoing,
54293583,133616,Favia matthaii,9.1.3,Type Unknown/Unrecorded,1.2,Ecosystem degradation,,,,,,,Ongoing,
54293583,133616,Favia matthaii,8.2.1,Unspecified species,2.1|2.2|2.3.2,Species mortality|Species disturbance|Competition,,,,,,,Ongoing,
54299989,133646,Montipora verrucosa,9.3.4,Type Unknown/Unrecorded,1.2,Ecosystem degradation,,,,,,,Ongoing,
54299989,133646,Montipora verrucosa,6.1,Recreational activities,2.2,Species disturbance,,,,,,,Ongoing,
54299989,133646,Montipora verrucosa,9.1.3,Type Unknown/Unrecorded,1.2,Ecosystem degradation,,,,,,,Ongoing,
54299989,133646,Montipora verrucosa,9.5.3,Ozone,1.2,Ecosystem degradation,,,,,,,Ongoing,
54299989,133646,Montipora verrucosa,1.2,Commercial & industrial areas,1.1|1.2,Ecosystem conversion|Ecosystem degradation,,,,,,,Ongoing,
54299989,133646,Montipora verrucosa,9.3.2,"Soil erosion, sedimentation",1.2,Ecosystem degradation,,,,,,,Ongoing,
54299989,133646,Montipora verrucosa,5.4.3,Unintentional effects: (subsistence/small scale) [harvest],2.1,Species mortality,,,,,,,Ongoing,
54299989,133646,Montipora verrucosa,1.1,Housing & urban areas,1.1|1.2,Ecosystem conversion|Ecosystem degradation,,,,,,,Ongoing,
54299989,133646,Montipora verrucosa,9.2.3,Type Unknown/Unrecorded,1.2,Ecosystem degradation,,,,,,,Ongoing,
54299989,133646,Montipora verrucosa,11.4,Storms & flooding,1.2,Ecosystem degradation,,,,,,,Ongoing,
54299989,133646,Montipora verrucosa,5.4.6,Motivation Unknown/Unrecorded,1.2,Ecosystem degradation,,,,,,,Ongoing,
54299989,133646,Montipora verrucosa,11.3,Temperature extremes,1.2|2.1|2.2|2.3.8,Ecosystem degradation|Species mortality|Species disturbance|Other,,,,,,,Ongoing,
54299989,133646,Montipora verrucosa,5.4.1,Intentional use: (subsistence/small scale) [harvest],2.1,Species mortality,,,,,,,Ongoing,
54299989,133646,Montipora verrucosa,1.3,Tourism & recreation areas,1.1|1.2,Ecosystem conversion|Ecosystem degradation,,,,,,,Ongoing,
54299989,133646,Montipora verrucosa,8.1.1,Unspecified species,2.1|2.2|2.3.2,Species mortality|Species disturbance|Competition,,,,,,,Ongoing,
54299989,133646,Montipora verrucosa,4.3,Shipping lanes,1.2,Ecosystem degradation,,,,,,,Ongoing,
54299989,133646,Montipora verrucosa,8.2.2,Named species,2.1,Species mortality,,Acanthaster planci,,,,,Ongoing,
54299989,133646,Montipora verrucosa,8.2.1,Unspecified species,2.1|2.2|2.3.2,Species mortality|Species disturbance|Competition,,,,,,,Ongoing,
54302167,133652,Leptastrea transversa,8.1.1,Unspecified species,2.1|2.2|2.3.2,Species mortality|Species disturbance|Competition,,,,,,,Ongoing,
54302167,133652,Leptastrea transversa,9.3.2,"Soil erosion, sedimentation",1.2,Ecosystem degradation,,,,,,,Ongoing,
54302167,133652,Leptastrea transversa,9.1.3,Type Unknown/Unrecorded,1.2,Ecosystem degradation,,,,,,,Ongoing,
54302167,133652,Leptastrea transversa,5.4.1,Intentional use: (subsistence/small scale) [harvest],2.1,Species mortality,,,,,,,Ongoing,
54302167,133652,Leptastrea transversa,1.2,Commercial & industrial areas,1.1|1.2,Ecosystem conversion|Ecosystem degradation,,,,,,,Ongoing,
54302167,133652,Leptastrea transversa,4.3,Shipping lanes,1.2,Ecosystem degradation,,,,,,,Ongoing,
54302167,133652,Leptastrea transversa,5.4.6,Motivation Unknown/Unrecorded,1.2,Ecosystem degradation,,,,,,,Ongoing,
54302167,133652,Leptastrea transversa,9.3.4,Type Unknown/Unrecorded,1.2,Ecosystem degradation,,,,,,,Ongoing,
54302167,133652,Leptastrea transversa,11.3,Temperature extremes,1.2|2.1|2.2|2.3.8,Ecosystem degradation|Species mortality|Species disturbance|Other,,,,,,,Ongoing,
54302167,133652,Leptastrea transversa,5.4.3,Unintentional effects: (subsistence/small scale) [harvest],2.1,Species mortality,,,,,,,Ongoing,
54302167,133652,Leptastrea transversa,9.5.3,Ozone,1.2,Ecosystem degradation,,,,,,,Ongoing,
54302167,133652,Leptastrea transversa,6.1,Recreational activities,2.2,Species disturbance,,,,,,,Ongoing,
54302167,133652,Leptastrea transversa,1.3,Tourism & recreation areas,1.1|1.2,Ecosystem conversion|Ecosystem degradation,,,,,,,Ongoing,
54302167,133652,Leptastrea transversa,9.2.3,Type Unknown/Unrecorded,1.2,Ecosystem degradation,,,,,,,Ongoing,
54302167,133652,Leptastrea transversa,11.4,Storms & flooding,1.2,Ecosystem degradation,,,,,,,Ongoing,
54302167,133652,Leptastrea transversa,1.1,Housing & urban areas,1.1|1.2,Ecosystem conversion|Ecosystem degradation,,,,,,,Ongoing,
54302167,133652,Leptastrea transversa,8.2.1,Unspecified species,2.1|2.2|2.3.2,Species mortality|Species disturbance|Competition,,,,,,,Ongoing,
